operator,scenario,device_time_mean_ms,wall_time_mean_ms,params_json,source,accuracy_passed
add_rmsnorm_bias,deepseek_v3_add_rmsnorm_decode_bs1,0.0146,2.4182,"{""hidden_size"":7168,""eps"":1e-06,""M"":1,""dtype"":""bf16"",""source"":""DeepSeek-V3, Add+RMSNorm, decode, batch=1"",""model"":""deepseek-ai/DeepSeek-V3"",""phase"":""decode""}","DeepSeek-V3, Add+RMSNorm, decode, batch=1",True
add_rmsnorm_bias,deepseek_v3_add_rmsnorm_decode_bs2,0.0164,2.4192,"{""hidden_size"":7168,""eps"":1e-06,""M"":2,""dtype"":""bf16"",""source"":""DeepSeek-V3, Add+RMSNorm, decode, batch=2"",""model"":""deepseek-ai/DeepSeek-V3"",""phase"":""decode""}","DeepSeek-V3, Add+RMSNorm, decode, batch=2",True
add_rmsnorm_bias,deepseek_v3_add_rmsnorm_decode_bs4,0.0163,2.4191,"{""hidden_size"":7168,""eps"":1e-06,""M"":4,""dtype"":""bf16"",""source"":""DeepSeek-V3, Add+RMSNorm, decode, batch=4"",""model"":""deepseek-ai/DeepSeek-V3"",""phase"":""decode""}","DeepSeek-V3, Add+RMSNorm, decode, batch=4",True
add_rmsnorm_bias,deepseek_v3_add_rmsnorm_decode_bs8,0.0165,2.4192,"{""hidden_size"":7168,""eps"":1e-06,""M"":8,""dtype"":""bf16"",""source"":""DeepSeek-V3, Add+RMSNorm, decode, batch=8"",""model"":""deepseek-ai/DeepSeek-V3"",""phase"":""decode""}","DeepSeek-V3, Add+RMSNorm, decode, batch=8",True
add_rmsnorm_bias,deepseek_v3_add_rmsnorm_decode_bs16,0.0168,2.4191,"{""hidden_size"":7168,""eps"":1e-06,""M"":16,""dtype"":""bf16"",""source"":""DeepSeek-V3, Add+RMSNorm, decode, batch=16"",""model"":""deepseek-ai/DeepSeek-V3"",""phase"":""decode""}","DeepSeek-V3, Add+RMSNorm, decode, batch=16",True
add_rmsnorm_bias,deepseek_v3_add_rmsnorm_decode_bs32,0.017,2.4191,"{""hidden_size"":7168,""eps"":1e-06,""M"":32,""dtype"":""bf16"",""source"":""DeepSeek-V3, Add+RMSNorm, decode, batch=32"",""model"":""deepseek-ai/DeepSeek-V3"",""phase"":""decode""}","DeepSeek-V3, Add+RMSNorm, decode, batch=32",True
add_rmsnorm_bias,deepseek_v3_add_rmsnorm_prefill_s64,0.0183,2.419,"{""hidden_size"":7168,""eps"":1e-06,""M"":64,""dtype"":""bf16"",""source"":""DeepSeek-V3, Add+RMSNorm, prefill, seq=64"",""model"":""deepseek-ai/DeepSeek-V3"",""phase"":""prefill""}","DeepSeek-V3, Add+RMSNorm, prefill, seq=64",True
add_rmsnorm_bias,deepseek_v3_add_rmsnorm_prefill_s128,0.0206,2.4191,"{""hidden_size"":7168,""eps"":1e-06,""M"":128,""dtype"":""bf16"",""source"":""DeepSeek-V3, Add+RMSNorm, prefill, seq=128"",""model"":""deepseek-ai/DeepSeek-V3"",""phase"":""prefill""}","DeepSeek-V3, Add+RMSNorm, prefill, seq=128",True
add_rmsnorm_bias,deepseek_v3_add_rmsnorm_prefill_s256,0.0246,2.4188,"{""hidden_size"":7168,""eps"":1e-06,""M"":256,""dtype"":""bf16"",""source"":""DeepSeek-V3, Add+RMSNorm, prefill, seq=256"",""model"":""deepseek-ai/DeepSeek-V3"",""phase"":""prefill""}","DeepSeek-V3, Add+RMSNorm, prefill, seq=256",True
add_rmsnorm_bias,deepseek_v3_add_rmsnorm_prefill_s512,0.0367,2.4191,"{""hidden_size"":7168,""eps"":1e-06,""M"":512,""dtype"":""bf16"",""source"":""DeepSeek-V3, Add+RMSNorm, prefill, seq=512"",""model"":""deepseek-ai/DeepSeek-V3"",""phase"":""prefill""}","DeepSeek-V3, Add+RMSNorm, prefill, seq=512",True
add_rmsnorm_bias,deepseek_v3_add_rmsnorm_prefill_s1024,0.0637,2.4192,"{""hidden_size"":7168,""eps"":1e-06,""M"":1024,""dtype"":""bf16"",""source"":""DeepSeek-V3, Add+RMSNorm, prefill, seq=1024"",""model"":""deepseek-ai/DeepSeek-V3"",""phase"":""prefill""}","DeepSeek-V3, Add+RMSNorm, prefill, seq=1024",True
add_rmsnorm_bias,deepseek_v3_add_rmsnorm_prefill_s2048,0.1236,2.4847,"{""hidden_size"":7168,""eps"":1e-06,""M"":2048,""dtype"":""bf16"",""source"":""DeepSeek-V3, Add+RMSNorm, prefill, seq=2048"",""model"":""deepseek-ai/DeepSeek-V3"",""phase"":""prefill""}","DeepSeek-V3, Add+RMSNorm, prefill, seq=2048",True
add_rmsnorm_bias,deepseek_v3_add_rmsnorm_prefill_s4096,0.2403,2.6151,"{""hidden_size"":7168,""eps"":1e-06,""M"":4096,""dtype"":""bf16"",""source"":""DeepSeek-V3, Add+RMSNorm, prefill, seq=4096"",""model"":""deepseek-ai/DeepSeek-V3"",""phase"":""prefill""}","DeepSeek-V3, Add+RMSNorm, prefill, seq=4096",True
add_rmsnorm_bias,deepseek_v3_add_rmsnorm_prefill_s8192,0.4536,2.8124,"{""hidden_size"":7168,""eps"":1e-06,""M"":8192,""dtype"":""bf16"",""source"":""DeepSeek-V3, Add+RMSNorm, prefill, seq=8192"",""model"":""deepseek-ai/DeepSeek-V3"",""phase"":""prefill""}","DeepSeek-V3, Add+RMSNorm, prefill, seq=8192",True
bmm,llama31_8b_attn_qk_decode,0.0235,0.023,"{""phase"":""decode"",""batch"":32,""M"":1,""K"":128,""N"":1024,""source"":""Llama-3.1-8B attention Q@K^T decode (seq=1, kv_len=1024)""}","Llama-3.1-8B attention Q@K^T decode (seq=1, kv_len=1024)",True
bmm,llama31_8b_attn_qk_prefill_128,0.0238,0.0191,"{""phase"":""prefill"",""batch"":32,""M"":128,""K"":128,""N"":128,""source"":""Llama-3.1-8B attention Q@K^T prefill (seq=128)""}",Llama-3.1-8B attention Q@K^T prefill (seq=128),True
bmm,llama31_8b_attn_qk_prefill_512,0.0331,0.0361,"{""phase"":""prefill"",""batch"":32,""M"":512,""K"":128,""N"":512,""source"":""Llama-3.1-8B attention Q@K^T prefill (seq=512)""}",Llama-3.1-8B attention Q@K^T prefill (seq=512),True
bmm,llama31_8b_attn_qk_prefill_1024,0.084,0.087,"{""phase"":""prefill"",""batch"":32,""M"":1024,""K"":128,""N"":1024,""source"":""Llama-3.1-8B attention Q@K^T prefill (seq=1024)""}",Llama-3.1-8B attention Q@K^T prefill (seq=1024),True
bmm,llama31_8b_attn_av_decode,0.0246,0.0196,"{""phase"":""decode"",""batch"":32,""M"":1,""K"":1024,""N"":128,""source"":""Llama-3.1-8B attention Attn@V decode (seq=1, kv_len=1024)""}","Llama-3.1-8B attention Attn@V decode (seq=1, kv_len=1024)",True
bmm,llama31_8b_attn_av_prefill_512,0.0362,0.0374,"{""phase"":""prefill"",""batch"":32,""M"":512,""K"":512,""N"":128,""source"":""Llama-3.1-8B attention Attn@V prefill (seq=512)""}",Llama-3.1-8B attention Attn@V prefill (seq=512),True
bmm,deepseek_v3_attn_qk_decode,0.0333,0.0326,"{""phase"":""decode"",""batch"":128,""M"":1,""K"":128,""N"":1024,""source"":""DeepSeek-V3 attention Q@K^T decode (128 heads, seq=1, kv_len=1024)""}","DeepSeek-V3 attention Q@K^T decode (128 heads, seq=1, kv_len=1024)",True
bmm,deepseek_v3_attn_qk_prefill_512,0.0837,0.0869,"{""phase"":""prefill"",""batch"":128,""M"":512,""K"":128,""N"":512,""source"":""DeepSeek-V3 attention Q@K^T prefill (128 heads, seq=512)""}","DeepSeek-V3 attention Q@K^T prefill (128 heads, seq=512)",True
bmm,deepseek_v3_attn_qk_prefill_2048,0.9878,0.9913,"{""phase"":""prefill"",""batch"":128,""M"":2048,""K"":128,""N"":2048,""source"":""DeepSeek-V3 attention Q@K^T prefill (128 heads, seq=2048)""}","DeepSeek-V3 attention Q@K^T prefill (128 heads, seq=2048)",True
bmm,deepseek_v3_attn_av_decode,0.023,0.0227,"{""phase"":""decode"",""batch"":128,""M"":1,""K"":1024,""N"":128,""source"":""DeepSeek-V3 attention Attn@V decode (128 heads, seq=1, kv_len=1024)""}","DeepSeek-V3 attention Attn@V decode (128 heads, seq=1, kv_len=1024)",True
bmm,deepseek_v3_attn_av_prefill_2048,1.0495,1.0518,"{""phase"":""prefill"",""batch"":128,""M"":2048,""K"":2048,""N"":128,""source"":""DeepSeek-V3 attention Attn@V prefill (128 heads, seq=2048)""}","DeepSeek-V3 attention Attn@V prefill (128 heads, seq=2048)",True
causal_conv1d_decode,mamba_2.8b_decode_single,0.0097,2.3541,"{""batch"":1,""hidden_size"":2560,""kernel_size"":4,""dtype"":""bf16""}",,True
causal_conv1d_decode,mamba_2.8b_decode_batch8,0.0099,2.3541,"{""batch"":8,""hidden_size"":2560,""kernel_size"":4,""dtype"":""bf16""}",,True
causal_conv1d_decode,mamba_2.8b_decode_batch32,0.0127,2.3766,"{""batch"":32,""hidden_size"":2560,""kernel_size"":4,""dtype"":""bf16""}",,True
causal_conv1d_decode,mamba_decode_kernel8,0.0105,2.3542,"{""batch"":1,""hidden_size"":2560,""kernel_size"":8,""dtype"":""bf16""}",,True
causal_conv1d_prefill,mamba_conv1d_prefill_b1_s64,0.0149,2.4218,"{""batch"":1,""hidden_size"":2560,""seq_len"":64,""kernel_size"":4,""dtype"":""bf16"",""source"":""Mamba-2.8B conv1d, prefill, batch=1, seq=64"",""model"":""state-spaces/mamba-2.8b"",""phase"":""prefill""}","Mamba-2.8B conv1d, prefill, batch=1, seq=64",True
causal_conv1d_prefill,mamba_conv1d_prefill_b1_s128,0.018,2.4192,"{""batch"":1,""hidden_size"":2560,""seq_len"":128,""kernel_size"":4,""dtype"":""bf16"",""source"":""Mamba-2.8B conv1d, prefill, batch=1, seq=128"",""model"":""state-spaces/mamba-2.8b"",""phase"":""prefill""}","Mamba-2.8B conv1d, prefill, batch=1, seq=128",True
causal_conv1d_prefill,mamba_conv1d_prefill_b1_s256,0.0249,2.4189,"{""batch"":1,""hidden_size"":2560,""seq_len"":256,""kernel_size"":4,""dtype"":""bf16"",""source"":""Mamba-2.8B conv1d, prefill, batch=1, seq=256"",""model"":""state-spaces/mamba-2.8b"",""phase"":""prefill""}","Mamba-2.8B conv1d, prefill, batch=1, seq=256",True
causal_conv1d_prefill,mamba_conv1d_prefill_b4_s512,0.1214,2.4847,"{""batch"":4,""hidden_size"":2560,""seq_len"":512,""kernel_size"":4,""dtype"":""bf16"",""source"":""Mamba-2.8B conv1d, prefill, batch=4, seq=512"",""model"":""state-spaces/mamba-2.8b"",""phase"":""prefill""}","Mamba-2.8B conv1d, prefill, batch=4, seq=512",True
causal_conv1d_prefill,mamba_conv1d_prefill_b4_s1024,0.2441,2.6157,"{""batch"":4,""hidden_size"":2560,""seq_len"":1024,""kernel_size"":4,""dtype"":""bf16"",""source"":""Mamba-2.8B conv1d, prefill, batch=4, seq=1024"",""model"":""state-spaces/mamba-2.8b"",""phase"":""prefill""}","Mamba-2.8B conv1d, prefill, batch=4, seq=1024",True
causal_conv1d_prefill,mamba_conv1d_prefill_b1_s2048,0.1213,2.4846,"{""batch"":1,""hidden_size"":2560,""seq_len"":2048,""kernel_size"":4,""dtype"":""bf16"",""source"":""Mamba-2.8B conv1d, prefill, batch=1, seq=2048"",""model"":""state-spaces/mamba-2.8b"",""phase"":""prefill""}","Mamba-2.8B conv1d, prefill, batch=1, seq=2048",True
causal_conv1d_prefill,mamba_conv1d_prefill_b1_s4096,0.2438,2.6154,"{""batch"":1,""hidden_size"":2560,""seq_len"":4096,""kernel_size"":4,""dtype"":""bf16"",""source"":""Mamba-2.8B conv1d, prefill, batch=1, seq=4096"",""model"":""state-spaces/mamba-2.8b"",""phase"":""prefill""}","Mamba-2.8B conv1d, prefill, batch=1, seq=4096",True
causal_conv1d_prefill,mamba_conv1d_prefill_b8_s512,0.2447,2.6148,"{""batch"":8,""hidden_size"":2560,""seq_len"":512,""kernel_size"":4,""dtype"":""bf16"",""source"":""Mamba-2.8B conv1d, prefill, batch=8, seq=512"",""model"":""state-spaces/mamba-2.8b"",""phase"":""prefill""}","Mamba-2.8B conv1d, prefill, batch=8, seq=512",True
causal_conv1d_prefill,mamba_conv1d_prefill_b8_s1024,0.4863,2.8776,"{""batch"":8,""hidden_size"":2560,""seq_len"":1024,""kernel_size"":4,""dtype"":""bf16"",""source"":""Mamba-2.8B conv1d, prefill, batch=8, seq=1024"",""model"":""state-spaces/mamba-2.8b"",""phase"":""prefill""}","Mamba-2.8B conv1d, prefill, batch=8, seq=1024",True
flash_linear_attention,gla_decode_b1,0.0085,2.3526,"{""num_heads"":16,""head_dim"":64,""dtype"":""bf16"",""batch"":1,""seq_len"":1,""phase"":""decode"",""source"":""GLA model decode, single token, fused_recurrent kernel""}","GLA model decode, single token, fused_recurrent kernel",True
flash_linear_attention,gla_decode_b4,0.0088,2.3529,"{""num_heads"":16,""head_dim"":64,""dtype"":""bf16"",""batch"":4,""seq_len"":1,""phase"":""decode"",""source"":""GLA model decode, batch=4, fused_recurrent kernel""}","GLA model decode, batch=4, fused_recurrent kernel",True
flash_linear_attention,gla_decode_b8,0.009,2.3542,"{""num_heads"":16,""head_dim"":64,""dtype"":""bf16"",""batch"":8,""seq_len"":1,""phase"":""decode"",""source"":""GLA model decode, batch=8, fused_recurrent kernel""}","GLA model decode, batch=8, fused_recurrent kernel",True
flash_linear_attention,gla_prefill_s128,0.0421,2.4174,"{""num_heads"":16,""head_dim"":64,""dtype"":""bf16"",""batch"":1,""seq_len"":128,""phase"":""prefill"",""source"":""GLA model prefill, chunk kernel""}","GLA model prefill, chunk kernel",True
flash_linear_attention,gla_prefill_s512,0.056,2.4174,"{""num_heads"":16,""head_dim"":64,""dtype"":""bf16"",""batch"":1,""seq_len"":512,""phase"":""prefill"",""source"":""GLA model prefill, chunk kernel""}","GLA model prefill, chunk kernel",True
flash_linear_attention,gla_prefill_s1024,0.0889,2.483,"{""num_heads"":16,""head_dim"":64,""dtype"":""bf16"",""batch"":1,""seq_len"":1024,""phase"":""prefill"",""source"":""GLA model prefill, chunk kernel""}","GLA model prefill, chunk kernel",True
flash_linear_attention,gla_prefill_s2048,0.1519,2.5485,"{""num_heads"":16,""head_dim"":64,""dtype"":""bf16"",""batch"":1,""seq_len"":2048,""phase"":""prefill"",""source"":""GLA model prefill, chunk kernel, 2K context""}","GLA model prefill, chunk kernel, 2K context",True
flash_linear_attention,gla_prefill_s4096,0.2706,2.6703,"{""num_heads"":16,""head_dim"":64,""dtype"":""bf16"",""batch"":1,""seq_len"":4096,""phase"":""prefill"",""source"":""GLA model prefill, chunk kernel, 4K context""}","GLA model prefill, chunk kernel, 4K context",True
flash_linear_attention,gla_prefill_s8192,0.5177,2.8761,"{""num_heads"":16,""head_dim"":64,""dtype"":""bf16"",""batch"":1,""seq_len"":8192,""phase"":""prefill"",""source"":""GLA model prefill, chunk kernel, 8K context""}","GLA model prefill, chunk kernel, 8K context",True
flash_mla,deepseek_v3_mla_decode_b1_cache1k,0.3126,2.6796,"{""dtype"":""bf16"",""causal"":true,""num_heads"":128,""num_kv_heads"":16,""head_dim"":128,""kv_lora_rank"":512,""phase"":""decode"",""batch"":1,""seq_len"":1,""kv_seq_len"":1024,""source"":""FlashInfer-Trace, DeepSeek-V3 MLA decode, 1K cache""}","FlashInfer-Trace, DeepSeek-V3 MLA decode, 1K cache",True
flash_mla,deepseek_v3_mla_decode_b1_cache4k,1.1626,3.5325,"{""dtype"":""bf16"",""causal"":true,""num_heads"":128,""num_kv_heads"":16,""head_dim"":128,""kv_lora_rank"":512,""phase"":""decode"",""batch"":1,""seq_len"":1,""kv_seq_len"":4096,""source"":""FlashInfer-Trace, DeepSeek-V3 MLA decode, 4K cache""}","FlashInfer-Trace, DeepSeek-V3 MLA decode, 4K cache",True
flash_mla,deepseek_v3_mla_decode_b4_cache1k,1.0904,3.4649,"{""dtype"":""bf16"",""causal"":true,""num_heads"":128,""num_kv_heads"":16,""head_dim"":128,""kv_lora_rank"":512,""phase"":""decode"",""batch"":4,""seq_len"":1,""kv_seq_len"":1024,""source"":""FlashInfer-Trace, DeepSeek-V3 MLA decode, batch=4""}","FlashInfer-Trace, DeepSeek-V3 MLA decode, batch=4",True
flash_mla,deepseek_v3_mla_decode_b16_cache1k,9.114,11.4623,"{""dtype"":""bf16"",""causal"":true,""num_heads"":128,""num_kv_heads"":16,""head_dim"":128,""kv_lora_rank"":512,""phase"":""decode"",""batch"":16,""seq_len"":1,""kv_seq_len"":1024,""source"":""FlashInfer-Trace, DeepSeek-V3 MLA decode, batch=16""}","FlashInfer-Trace, DeepSeek-V3 MLA decode, batch=16",True
flash_mla,deepseek_v3_mla_prefill_s128,0.0572,2.4187,"{""dtype"":""bf16"",""causal"":true,""num_heads"":128,""num_kv_heads"":16,""head_dim"":128,""kv_lora_rank"":512,""phase"":""prefill"",""batch"":1,""seq_len"":128,""kv_seq_len"":128,""source"":""FlashInfer-Trace, DeepSeek-V3 MLA prefill short""}","FlashInfer-Trace, DeepSeek-V3 MLA prefill short",True
flash_mla,deepseek_v3_mla_prefill_s512,0.2743,2.6727,"{""dtype"":""bf16"",""causal"":true,""num_heads"":128,""num_kv_heads"":16,""head_dim"":128,""kv_lora_rank"":512,""phase"":""prefill"",""batch"":1,""seq_len"":512,""kv_seq_len"":512,""source"":""FlashInfer-Trace, DeepSeek-V3 MLA prefill medium""}","FlashInfer-Trace, DeepSeek-V3 MLA prefill medium",True
flash_mla,deepseek_v3_mla_prefill_s1024,0.7329,3.12,"{""dtype"":""bf16"",""causal"":true,""num_heads"":128,""num_kv_heads"":16,""head_dim"":128,""kv_lora_rank"":512,""phase"":""prefill"",""batch"":1,""seq_len"":1024,""kv_seq_len"":1024,""source"":""FlashInfer-Trace, DeepSeek-V3 MLA prefill 1K""}","FlashInfer-Trace, DeepSeek-V3 MLA prefill 1K",True
flash_mla,deepseek_v3_mla_prefill_s2048,4.7408,7.1139,"{""dtype"":""bf16"",""causal"":true,""num_heads"":128,""num_kv_heads"":16,""head_dim"":128,""kv_lora_rank"":512,""phase"":""prefill"",""batch"":1,""seq_len"":2048,""kv_seq_len"":2048,""source"":""FlashInfer-Trace, DeepSeek-V3 MLA prefill 2K""}","FlashInfer-Trace, DeepSeek-V3 MLA prefill 2K",True
flash_mla,deepseek_v3_mla_prefill_s4096,15.2459,17.6231,"{""dtype"":""bf16"",""causal"":true,""num_heads"":128,""num_kv_heads"":16,""head_dim"":128,""kv_lora_rank"":512,""phase"":""prefill"",""batch"":1,""seq_len"":4096,""kv_seq_len"":4096,""source"":""FlashInfer-Trace, DeepSeek-V3 MLA prefill 4K""}","FlashInfer-Trace, DeepSeek-V3 MLA prefill 4K",True
flashattention,qwen3_30b_gqa_decode_b1,0.0121,2.3545,"{""num_heads"":32,""num_kv_heads"":4,""head_dim"":128,""causal"":true,""batch"":1,""seq_len"":1,""kv_len"":1024,""dtype"":""bf16"",""source"":""Qwen3-30B-A3B, GQA decode, batch=1, cache=1K"",""model"":""Qwen/Qwen3-30B-A3B"",""phase"":""decode""}","Qwen3-30B-A3B, GQA decode, batch=1, cache=1K",True
flashattention,qwen3_30b_gqa_decode_b4,0.0161,2.4174,"{""num_heads"":32,""num_kv_heads"":4,""head_dim"":128,""causal"":true,""batch"":4,""seq_len"":1,""kv_len"":1024,""dtype"":""bf16"",""source"":""Qwen3-30B-A3B, GQA decode, batch=4, cache=1K"",""model"":""Qwen/Qwen3-30B-A3B"",""phase"":""decode""}","Qwen3-30B-A3B, GQA decode, batch=4, cache=1K",True
flashattention,qwen3_30b_gqa_decode_b8,0.0251,2.4189,"{""num_heads"":32,""num_kv_heads"":4,""head_dim"":128,""causal"":true,""batch"":8,""seq_len"":1,""kv_len"":1024,""dtype"":""bf16"",""source"":""Qwen3-30B-A3B, GQA decode, batch=8, cache=1K"",""model"":""Qwen/Qwen3-30B-A3B"",""phase"":""decode""}","Qwen3-30B-A3B, GQA decode, batch=8, cache=1K",True
flashattention,qwen3_30b_gqa_decode_b16,0.0391,2.4189,"{""num_heads"":32,""num_kv_heads"":4,""head_dim"":128,""causal"":true,""batch"":16,""seq_len"":1,""kv_len"":1024,""dtype"":""bf16"",""source"":""Qwen3-30B-A3B, GQA decode, batch=16, cache=1K"",""model"":""Qwen/Qwen3-30B-A3B"",""phase"":""decode""}","Qwen3-30B-A3B, GQA decode, batch=16, cache=1K",True
flashattention,qwen3_30b_gqa_prefill_s128,0.0182,2.4164,"{""num_heads"":32,""num_kv_heads"":4,""head_dim"":128,""causal"":true,""batch"":1,""seq_len"":128,""kv_len"":128,""dtype"":""bf16"",""source"":""Qwen3-30B-A3B, GQA prefill, seq=128"",""model"":""Qwen/Qwen3-30B-A3B"",""phase"":""prefill""}","Qwen3-30B-A3B, GQA prefill, seq=128",True
flashattention,qwen3_30b_gqa_prefill_s256,0.0268,2.4191,"{""num_heads"":32,""num_kv_heads"":4,""head_dim"":128,""causal"":true,""batch"":1,""seq_len"":256,""kv_len"":256,""dtype"":""bf16"",""source"":""Qwen3-30B-A3B, GQA prefill, seq=256"",""model"":""Qwen/Qwen3-30B-A3B"",""phase"":""prefill""}","Qwen3-30B-A3B, GQA prefill, seq=256",True
flashattention,qwen3_30b_gqa_prefill_s512,0.0749,2.4192,"{""num_heads"":32,""num_kv_heads"":4,""head_dim"":128,""causal"":true,""batch"":1,""seq_len"":512,""kv_len"":512,""dtype"":""bf16"",""source"":""Qwen3-30B-A3B, GQA prefill, seq=512"",""model"":""Qwen/Qwen3-30B-A3B"",""phase"":""prefill""}","Qwen3-30B-A3B, GQA prefill, seq=512",True
flashattention,qwen3_30b_gqa_prefill_s1024,0.1954,2.5488,"{""num_heads"":32,""num_kv_heads"":4,""head_dim"":128,""causal"":true,""batch"":1,""seq_len"":1024,""kv_len"":1024,""dtype"":""bf16"",""source"":""Qwen3-30B-A3B, GQA prefill, seq=1024"",""model"":""Qwen/Qwen3-30B-A3B"",""phase"":""prefill""}","Qwen3-30B-A3B, GQA prefill, seq=1024",True
flashattention,qwen3_30b_gqa_prefill_s2048,0.5873,2.9494,"{""num_heads"":32,""num_kv_heads"":4,""head_dim"":128,""causal"":true,""batch"":1,""seq_len"":2048,""kv_len"":2048,""dtype"":""bf16"",""source"":""Qwen3-30B-A3B, GQA prefill, seq=2048"",""model"":""Qwen/Qwen3-30B-A3B"",""phase"":""prefill""}","Qwen3-30B-A3B, GQA prefill, seq=2048",True
flashattention,qwen3_30b_gqa_prefill_s4096,1.9912,4.3611,"{""num_heads"":32,""num_kv_heads"":4,""head_dim"":128,""causal"":true,""batch"":1,""seq_len"":4096,""kv_len"":4096,""dtype"":""bf16"",""source"":""Qwen3-30B-A3B, GQA prefill, seq=4096"",""model"":""Qwen/Qwen3-30B-A3B"",""phase"":""prefill""}","Qwen3-30B-A3B, GQA prefill, seq=4096",True
flashattention,qwen3_30b_gqa_prefill_s8192,14.7323,17.1164,"{""num_heads"":32,""num_kv_heads"":4,""head_dim"":128,""causal"":true,""batch"":1,""seq_len"":8192,""kv_len"":8192,""dtype"":""bf16"",""source"":""Qwen3-30B-A3B, GQA prefill, seq=8192"",""model"":""Qwen/Qwen3-30B-A3B"",""phase"":""prefill""}","Qwen3-30B-A3B, GQA prefill, seq=8192",True
fp8_einsum,deepseek_v3_einsum_decode_b1,0.0226,2.4219,"{""batch"":128,""M"":1,""K"":128,""N"":1024,""dtype"":""bf16"",""equation"":""bik,bkj->bij"",""source"":""DeepSeek-V3 attention einsum, decode, batch=1"",""model"":""deepseek-ai/DeepSeek-V3"",""phase"":""decode""}","DeepSeek-V3 attention einsum, decode, batch=1",True
fp8_einsum,deepseek_v3_einsum_decode_b4,0.0226,2.4192,"{""batch"":128,""M"":4,""K"":128,""N"":1024,""dtype"":""bf16"",""equation"":""bik,bkj->bij"",""source"":""DeepSeek-V3 attention einsum, decode, batch=4"",""model"":""deepseek-ai/DeepSeek-V3"",""phase"":""decode""}","DeepSeek-V3 attention einsum, decode, batch=4",True
fp8_einsum,deepseek_v3_einsum_decode_b8,0.0138,2.4074,"{""batch"":128,""M"":8,""K"":128,""N"":1024,""dtype"":""bf16"",""equation"":""bik,bkj->bij"",""source"":""DeepSeek-V3 attention einsum, decode, batch=8"",""model"":""deepseek-ai/DeepSeek-V3"",""phase"":""decode""}","DeepSeek-V3 attention einsum, decode, batch=8",True
fp8_einsum,deepseek_v3_einsum_prefill_s64,0.0079,2.3537,"{""batch"":128,""M"":64,""K"":128,""N"":64,""dtype"":""bf16"",""equation"":""bik,bkj->bij"",""source"":""DeepSeek-V3 attention einsum, prefill, seq=64"",""model"":""deepseek-ai/DeepSeek-V3"",""phase"":""prefill""}","DeepSeek-V3 attention einsum, prefill, seq=64",True
fp8_einsum,deepseek_v3_einsum_prefill_s128,0.013,2.3544,"{""batch"":128,""M"":128,""K"":128,""N"":128,""dtype"":""bf16"",""equation"":""bik,bkj->bij"",""source"":""DeepSeek-V3 attention einsum, prefill, seq=128"",""model"":""deepseek-ai/DeepSeek-V3"",""phase"":""prefill""}","DeepSeek-V3 attention einsum, prefill, seq=128",True
fp8_einsum,deepseek_v3_einsum_prefill_s256,0.0266,2.4191,"{""batch"":128,""M"":256,""K"":128,""N"":256,""dtype"":""bf16"",""equation"":""bik,bkj->bij"",""source"":""DeepSeek-V3 attention einsum, prefill, seq=256"",""model"":""deepseek-ai/DeepSeek-V3"",""phase"":""prefill""}","DeepSeek-V3 attention einsum, prefill, seq=256",True
fp8_einsum,deepseek_v3_einsum_prefill_s512,0.0469,2.4187,"{""batch"":64,""M"":512,""K"":128,""N"":512,""dtype"":""bf16"",""equation"":""bik,bkj->bij"",""source"":""DeepSeek-V3 attention einsum, prefill, seq=512"",""model"":""deepseek-ai/DeepSeek-V3"",""phase"":""prefill""}","DeepSeek-V3 attention einsum, prefill, seq=512",True
fp8_einsum,deepseek_v3_einsum_prefill_s1024,0.0813,2.4847,"{""batch"":32,""M"":1024,""K"":128,""N"":1024,""dtype"":""bf16"",""equation"":""bik,bkj->bij"",""source"":""DeepSeek-V3 attention einsum, prefill, seq=1024"",""model"":""deepseek-ai/DeepSeek-V3"",""phase"":""prefill""}","DeepSeek-V3 attention einsum, prefill, seq=1024",True
fp8_einsum,deepseek_v3_einsum_prefill_s2048,0.2772,2.6813,"{""batch"":32,""M"":2048,""K"":128,""N"":2048,""dtype"":""bf16"",""equation"":""bik,bkj->bij"",""source"":""DeepSeek-V3 attention einsum, prefill, seq=2048"",""model"":""deepseek-ai/DeepSeek-V3"",""phase"":""prefill""}","DeepSeek-V3 attention einsum, prefill, seq=2048",True
fused_inv_rope_fp8_quant,deepseek_v3_inv_rope_decode_b1,0.0385,2.4171,"{""num_tokens"":1,""num_heads"":128,""head_dim"":128,""dtype"":""bf16"",""source"":""DeepSeek-V3 inverse RoPE + FP8, decode, batch=1"",""model"":""deepseek-ai/DeepSeek-V3"",""phase"":""decode""}","DeepSeek-V3 inverse RoPE + FP8, decode, batch=1",True
fused_inv_rope_fp8_quant,deepseek_v3_inv_rope_decode_b4,0.0406,2.4188,"{""num_tokens"":4,""num_heads"":128,""head_dim"":128,""dtype"":""bf16"",""source"":""DeepSeek-V3 inverse RoPE + FP8, decode, batch=4"",""model"":""deepseek-ai/DeepSeek-V3"",""phase"":""decode""}","DeepSeek-V3 inverse RoPE + FP8, decode, batch=4",True
fused_inv_rope_fp8_quant,llama31_8b_inv_rope_decode_b8,0.0388,2.4184,"{""num_tokens"":8,""num_heads"":8,""head_dim"":128,""dtype"":""bf16"",""source"":""Llama-3.1-8B inverse RoPE + FP8, decode, batch=8"",""model"":""meta-llama/Llama-3.1-8B"",""phase"":""decode""}","Llama-3.1-8B inverse RoPE + FP8, decode, batch=8",True
fused_inv_rope_fp8_quant,deepseek_v3_inv_rope_prefill_s64,0.0671,2.4187,"{""num_tokens"":64,""num_heads"":128,""head_dim"":128,""dtype"":""bf16"",""source"":""DeepSeek-V3 inverse RoPE + FP8, prefill, seq=64"",""model"":""deepseek-ai/DeepSeek-V3"",""phase"":""prefill""}","DeepSeek-V3 inverse RoPE + FP8, prefill, seq=64",True
fused_inv_rope_fp8_quant,deepseek_v3_inv_rope_prefill_s128,0.1004,2.4838,"{""num_tokens"":128,""num_heads"":128,""head_dim"":128,""dtype"":""bf16"",""source"":""DeepSeek-V3 inverse RoPE + FP8, prefill, seq=128"",""model"":""deepseek-ai/DeepSeek-V3"",""phase"":""prefill""}","DeepSeek-V3 inverse RoPE + FP8, prefill, seq=128",True
fused_inv_rope_fp8_quant,deepseek_v3_inv_rope_prefill_s256,0.1699,2.5496,"{""num_tokens"":256,""num_heads"":128,""head_dim"":128,""dtype"":""bf16"",""source"":""DeepSeek-V3 inverse RoPE + FP8, prefill, seq=256"",""model"":""deepseek-ai/DeepSeek-V3"",""phase"":""prefill""}","DeepSeek-V3 inverse RoPE + FP8, prefill, seq=256",True
fused_inv_rope_fp8_quant,llama31_8b_inv_rope_prefill_s512,0.0508,2.4187,"{""num_tokens"":512,""num_heads"":8,""head_dim"":128,""dtype"":""bf16"",""source"":""Llama-3.1-8B inverse RoPE + FP8, prefill, seq=512"",""model"":""meta-llama/Llama-3.1-8B"",""phase"":""prefill""}","Llama-3.1-8B inverse RoPE + FP8, prefill, seq=512",True
fused_inv_rope_fp8_quant,deepseek_v3_inv_rope_prefill_s1024,0.6374,3.0076,"{""num_tokens"":1024,""num_heads"":128,""head_dim"":128,""dtype"":""bf16"",""source"":""DeepSeek-V3 inverse RoPE + FP8, prefill, seq=1024"",""model"":""deepseek-ai/DeepSeek-V3"",""phase"":""prefill""}","DeepSeek-V3 inverse RoPE + FP8, prefill, seq=1024",True
fused_inv_rope_fp8_quant,deepseek_v3_inv_rope_prefill_s2048,1.2327,3.5977,"{""num_tokens"":2048,""num_heads"":128,""head_dim"":128,""dtype"":""bf16"",""source"":""DeepSeek-V3 inverse RoPE + FP8, prefill, seq=2048"",""model"":""deepseek-ai/DeepSeek-V3"",""phase"":""prefill""}","DeepSeek-V3 inverse RoPE + FP8, prefill, seq=2048",True
fused_marlin_moe,deepseek_v3_marlin_moe_decode_b1,33.4368,35.8405,"{""num_experts"":8,""hidden_size"":2048,""expert_size"":512,""top_k"":2,""dtype"":""bf16"",""num_tokens"":1,""source"":""DeepSeek-V3 Marlin MoE, decode, batch=1"",""model"":""deepseek-ai/DeepSeek-V3"",""phase"":""decode""}","DeepSeek-V3 Marlin MoE, decode, batch=1",True
fused_marlin_moe,deepseek_v3_marlin_moe_decode_b4,62.5354,64.9362,"{""num_experts"":8,""hidden_size"":2048,""expert_size"":512,""top_k"":2,""dtype"":""bf16"",""num_tokens"":4,""source"":""DeepSeek-V3 Marlin MoE, decode, batch=4"",""model"":""deepseek-ai/DeepSeek-V3"",""phase"":""decode""}","DeepSeek-V3 Marlin MoE, decode, batch=4",True
fused_marlin_moe,deepseek_v3_marlin_moe_decode_b8,69.8671,72.2131,"{""num_experts"":8,""hidden_size"":2048,""expert_size"":512,""top_k"":2,""dtype"":""bf16"",""num_tokens"":8,""source"":""DeepSeek-V3 Marlin MoE, decode, batch=8"",""model"":""deepseek-ai/DeepSeek-V3"",""phase"":""decode""}","DeepSeek-V3 Marlin MoE, decode, batch=8",True
fused_marlin_moe,deepseek_v3_marlin_moe_decode_b16,77.0849,79.4866,"{""num_experts"":8,""hidden_size"":2048,""expert_size"":512,""top_k"":2,""dtype"":""bf16"",""num_tokens"":16,""source"":""DeepSeek-V3 Marlin MoE, decode, batch=16"",""model"":""deepseek-ai/DeepSeek-V3"",""phase"":""decode""}","DeepSeek-V3 Marlin MoE, decode, batch=16",True
fused_marlin_moe,deepseek_v3_marlin_moe_decode_b32,77.0843,79.4869,"{""num_experts"":8,""hidden_size"":2048,""expert_size"":512,""top_k"":2,""dtype"":""bf16"",""num_tokens"":32,""source"":""DeepSeek-V3 Marlin MoE, decode, batch=32"",""model"":""deepseek-ai/DeepSeek-V3"",""phase"":""decode""}","DeepSeek-V3 Marlin MoE, decode, batch=32",True
fused_marlin_moe,deepseek_v3_marlin_moe_prefill_s64,77.0847,79.4875,"{""num_experts"":8,""hidden_size"":2048,""expert_size"":512,""top_k"":2,""dtype"":""bf16"",""num_tokens"":64,""source"":""DeepSeek-V3 Marlin MoE, prefill, seq=64"",""model"":""deepseek-ai/DeepSeek-V3"",""phase"":""prefill""}","DeepSeek-V3 Marlin MoE, prefill, seq=64",True
fused_marlin_moe,deepseek_v3_marlin_moe_prefill_s128,77.0851,79.4874,"{""num_experts"":8,""hidden_size"":2048,""expert_size"":512,""top_k"":2,""dtype"":""bf16"",""num_tokens"":128,""source"":""DeepSeek-V3 Marlin MoE, prefill, seq=128"",""model"":""deepseek-ai/DeepSeek-V3"",""phase"":""prefill""}","DeepSeek-V3 Marlin MoE, prefill, seq=128",True
fused_marlin_moe,deepseek_v3_marlin_moe_prefill_s256,77.0854,79.4875,"{""num_experts"":8,""hidden_size"":2048,""expert_size"":512,""top_k"":2,""dtype"":""bf16"",""num_tokens"":256,""source"":""DeepSeek-V3 Marlin MoE, prefill, seq=256"",""model"":""deepseek-ai/DeepSeek-V3"",""phase"":""prefill""}","DeepSeek-V3 Marlin MoE, prefill, seq=256",True
fused_marlin_moe,deepseek_v3_marlin_moe_prefill_s512,77.086,79.4874,"{""num_experts"":8,""hidden_size"":2048,""expert_size"":512,""top_k"":2,""dtype"":""bf16"",""num_tokens"":512,""source"":""DeepSeek-V3 Marlin MoE, prefill, seq=512"",""model"":""deepseek-ai/DeepSeek-V3"",""phase"":""prefill""}","DeepSeek-V3 Marlin MoE, prefill, seq=512",True
fused_marlin_moe,deepseek_v3_marlin_moe_prefill_s1024,77.0894,79.4878,"{""num_experts"":8,""hidden_size"":2048,""expert_size"":512,""top_k"":2,""dtype"":""bf16"",""num_tokens"":1024,""source"":""DeepSeek-V3 Marlin MoE, prefill, seq=1024"",""model"":""deepseek-ai/DeepSeek-V3"",""phase"":""prefill""}","DeepSeek-V3 Marlin MoE, prefill, seq=1024",True
fused_marlin_moe,deepseek_v3_marlin_moe_prefill_s2048,77.0921,79.4868,"{""num_experts"":8,""hidden_size"":2048,""expert_size"":512,""top_k"":2,""dtype"":""bf16"",""num_tokens"":2048,""source"":""DeepSeek-V3 Marlin MoE, prefill, seq=2048"",""model"":""deepseek-ai/DeepSeek-V3"",""phase"":""prefill""}","DeepSeek-V3 Marlin MoE, prefill, seq=2048",True
fused_marlin_moe,deepseek_v3_marlin_moe_prefill_s4096,77.1677,79.5529,"{""num_experts"":8,""hidden_size"":2048,""expert_size"":512,""top_k"":2,""dtype"":""bf16"",""num_tokens"":4096,""source"":""DeepSeek-V3 Marlin MoE, prefill, seq=4096"",""model"":""deepseek-ai/DeepSeek-V3"",""phase"":""prefill""}","DeepSeek-V3 Marlin MoE, prefill, seq=4096",True
fused_moe,deepseek_v3_moe_decode_b1,33.4373,35.863,"{""num_experts"":8,""hidden_size"":2048,""expert_size"":512,""top_k"":2,""num_tokens"":1,""dtype"":""bf16"",""source"":""DeepSeek-V3, FP8 MoE, decode, batch=1"",""model"":""deepseek-ai/DeepSeek-V3"",""phase"":""decode""}","DeepSeek-V3, FP8 MoE, decode, batch=1",True
fused_moe,deepseek_v3_moe_decode_b4,62.5358,64.9376,"{""num_experts"":8,""hidden_size"":2048,""expert_size"":512,""top_k"":2,""num_tokens"":4,""dtype"":""bf16"",""source"":""DeepSeek-V3, FP8 MoE, decode, batch=4"",""model"":""deepseek-ai/DeepSeek-V3"",""phase"":""decode""}","DeepSeek-V3, FP8 MoE, decode, batch=4",True
fused_moe,deepseek_v3_moe_decode_b8,77.0846,79.4875,"{""num_experts"":8,""hidden_size"":2048,""expert_size"":512,""top_k"":2,""num_tokens"":8,""dtype"":""bf16"",""source"":""DeepSeek-V3, FP8 MoE, decode, batch=8"",""model"":""deepseek-ai/DeepSeek-V3"",""phase"":""decode""}","DeepSeek-V3, FP8 MoE, decode, batch=8",True
fused_moe,deepseek_v3_moe_decode_b16,77.0852,79.4855,"{""num_experts"":8,""hidden_size"":2048,""expert_size"":512,""top_k"":2,""num_tokens"":16,""dtype"":""bf16"",""source"":""DeepSeek-V3, FP8 MoE, decode, batch=16"",""model"":""deepseek-ai/DeepSeek-V3"",""phase"":""decode""}","DeepSeek-V3, FP8 MoE, decode, batch=16",True
fused_moe,deepseek_v3_moe_decode_b32,77.0853,79.4859,"{""num_experts"":8,""hidden_size"":2048,""expert_size"":512,""top_k"":2,""num_tokens"":32,""dtype"":""bf16"",""source"":""DeepSeek-V3, FP8 MoE, decode, batch=32"",""model"":""deepseek-ai/DeepSeek-V3"",""phase"":""decode""}","DeepSeek-V3, FP8 MoE, decode, batch=32",True
fused_moe,deepseek_v3_moe_prefill_s64,77.0855,79.4863,"{""num_experts"":8,""hidden_size"":2048,""expert_size"":512,""top_k"":2,""num_tokens"":64,""dtype"":""bf16"",""source"":""DeepSeek-V3, FP8 MoE, prefill, seq=64"",""model"":""deepseek-ai/DeepSeek-V3"",""phase"":""prefill""}","DeepSeek-V3, FP8 MoE, prefill, seq=64",True
fused_moe,deepseek_v3_moe_prefill_s128,77.0858,79.4874,"{""num_experts"":8,""hidden_size"":2048,""expert_size"":512,""top_k"":2,""num_tokens"":128,""dtype"":""bf16"",""source"":""DeepSeek-V3, FP8 MoE, prefill, seq=128"",""model"":""deepseek-ai/DeepSeek-V3"",""phase"":""prefill""}","DeepSeek-V3, FP8 MoE, prefill, seq=128",True
fused_moe,deepseek_v3_moe_prefill_s256,77.0863,79.487,"{""num_experts"":8,""hidden_size"":2048,""expert_size"":512,""top_k"":2,""num_tokens"":256,""dtype"":""bf16"",""source"":""DeepSeek-V3, FP8 MoE, prefill, seq=256"",""model"":""deepseek-ai/DeepSeek-V3"",""phase"":""prefill""}","DeepSeek-V3, FP8 MoE, prefill, seq=256",True
fused_q_kv_rmsnorm,deepseek_v3_qkv_rmsnorm_decode_bs1,0.0106,2.3532,"{""q_dim"":1536,""kv_dim"":512,""eps"":1e-06,""num_tokens"":1,""dtype"":""bf16"",""source"":""DeepSeek-V3, Q/KV RMSNorm, decode, batch=1"",""model"":""deepseek-ai/DeepSeek-V3"",""phase"":""decode""}","DeepSeek-V3, Q/KV RMSNorm, decode, batch=1",True
fused_q_kv_rmsnorm,deepseek_v3_qkv_rmsnorm_decode_bs2,0.0108,2.3542,"{""q_dim"":1536,""kv_dim"":512,""eps"":1e-06,""num_tokens"":2,""dtype"":""bf16"",""source"":""DeepSeek-V3, Q/KV RMSNorm, decode, batch=2"",""model"":""deepseek-ai/DeepSeek-V3"",""phase"":""decode""}","DeepSeek-V3, Q/KV RMSNorm, decode, batch=2",True
fused_q_kv_rmsnorm,deepseek_v3_qkv_rmsnorm_decode_bs4,0.0107,2.3542,"{""q_dim"":1536,""kv_dim"":512,""eps"":1e-06,""num_tokens"":4,""dtype"":""bf16"",""source"":""DeepSeek-V3, Q/KV RMSNorm, decode, batch=4"",""model"":""deepseek-ai/DeepSeek-V3"",""phase"":""decode""}","DeepSeek-V3, Q/KV RMSNorm, decode, batch=4",True
fused_q_kv_rmsnorm,deepseek_v3_qkv_rmsnorm_decode_bs8,0.0109,2.3542,"{""q_dim"":1536,""kv_dim"":512,""eps"":1e-06,""num_tokens"":8,""dtype"":""bf16"",""source"":""DeepSeek-V3, Q/KV RMSNorm, decode, batch=8"",""model"":""deepseek-ai/DeepSeek-V3"",""phase"":""decode""}","DeepSeek-V3, Q/KV RMSNorm, decode, batch=8",True
fused_q_kv_rmsnorm,deepseek_v3_qkv_rmsnorm_decode_bs16,0.011,2.3542,"{""q_dim"":1536,""kv_dim"":512,""eps"":1e-06,""num_tokens"":16,""dtype"":""bf16"",""source"":""DeepSeek-V3, Q/KV RMSNorm, decode, batch=16"",""model"":""deepseek-ai/DeepSeek-V3"",""phase"":""decode""}","DeepSeek-V3, Q/KV RMSNorm, decode, batch=16",True
fused_q_kv_rmsnorm,deepseek_v3_qkv_rmsnorm_decode_bs32,0.0111,2.3542,"{""q_dim"":1536,""kv_dim"":512,""eps"":1e-06,""num_tokens"":32,""dtype"":""bf16"",""source"":""DeepSeek-V3, Q/KV RMSNorm, decode, batch=32"",""model"":""deepseek-ai/DeepSeek-V3"",""phase"":""decode""}","DeepSeek-V3, Q/KV RMSNorm, decode, batch=32",True
fused_q_kv_rmsnorm,deepseek_v3_qkv_rmsnorm_prefill_s64,0.0112,2.3541,"{""q_dim"":1536,""kv_dim"":512,""eps"":1e-06,""num_tokens"":64,""dtype"":""bf16"",""source"":""DeepSeek-V3, Q/KV RMSNorm, prefill, seq=64"",""model"":""deepseek-ai/DeepSeek-V3"",""phase"":""prefill""}","DeepSeek-V3, Q/KV RMSNorm, prefill, seq=64",True
fused_q_kv_rmsnorm,deepseek_v3_qkv_rmsnorm_prefill_s128,0.0114,2.3541,"{""q_dim"":1536,""kv_dim"":512,""eps"":1e-06,""num_tokens"":128,""dtype"":""bf16"",""source"":""DeepSeek-V3, Q/KV RMSNorm, prefill, seq=128"",""model"":""deepseek-ai/DeepSeek-V3"",""phase"":""prefill""}","DeepSeek-V3, Q/KV RMSNorm, prefill, seq=128",True
fused_q_kv_rmsnorm,deepseek_v3_qkv_rmsnorm_prefill_s256,0.012,2.3542,"{""q_dim"":1536,""kv_dim"":512,""eps"":1e-06,""num_tokens"":256,""dtype"":""bf16"",""source"":""DeepSeek-V3, Q/KV RMSNorm, prefill, seq=256"",""model"":""deepseek-ai/DeepSeek-V3"",""phase"":""prefill""}","DeepSeek-V3, Q/KV RMSNorm, prefill, seq=256",True
fused_q_kv_rmsnorm,deepseek_v3_qkv_rmsnorm_prefill_s512,0.0131,2.3845,"{""q_dim"":1536,""kv_dim"":512,""eps"":1e-06,""num_tokens"":512,""dtype"":""bf16"",""source"":""DeepSeek-V3, Q/KV RMSNorm, prefill, seq=512"",""model"":""deepseek-ai/DeepSeek-V3"",""phase"":""prefill""}","DeepSeek-V3, Q/KV RMSNorm, prefill, seq=512",True
fused_q_kv_rmsnorm,deepseek_v3_qkv_rmsnorm_prefill_s1024,0.0157,2.4152,"{""q_dim"":1536,""kv_dim"":512,""eps"":1e-06,""num_tokens"":1024,""dtype"":""bf16"",""source"":""DeepSeek-V3, Q/KV RMSNorm, prefill, seq=1024"",""model"":""deepseek-ai/DeepSeek-V3"",""phase"":""prefill""}","DeepSeek-V3, Q/KV RMSNorm, prefill, seq=1024",True
fused_q_kv_rmsnorm,deepseek_v3_qkv_rmsnorm_prefill_s2048,0.0212,2.4177,"{""q_dim"":1536,""kv_dim"":512,""eps"":1e-06,""num_tokens"":2048,""dtype"":""bf16"",""source"":""DeepSeek-V3, Q/KV RMSNorm, prefill, seq=2048"",""model"":""deepseek-ai/DeepSeek-V3"",""phase"":""prefill""}","DeepSeek-V3, Q/KV RMSNorm, prefill, seq=2048",True
fused_q_kv_rmsnorm,deepseek_v3_qkv_rmsnorm_prefill_s4096,0.0358,2.4148,"{""q_dim"":1536,""kv_dim"":512,""eps"":1e-06,""num_tokens"":4096,""dtype"":""bf16"",""source"":""DeepSeek-V3, Q/KV RMSNorm, prefill, seq=4096"",""model"":""deepseek-ai/DeepSeek-V3"",""phase"":""prefill""}","DeepSeek-V3, Q/KV RMSNorm, prefill, seq=4096",True
fused_q_kv_rmsnorm,deepseek_v3_qkv_rmsnorm_prefill_s8192,0.0658,2.4188,"{""q_dim"":1536,""kv_dim"":512,""eps"":1e-06,""num_tokens"":8192,""dtype"":""bf16"",""source"":""DeepSeek-V3, Q/KV RMSNorm, prefill, seq=8192"",""model"":""deepseek-ai/DeepSeek-V3"",""phase"":""prefill""}","DeepSeek-V3, Q/KV RMSNorm, prefill, seq=8192",True
gelu,ffn_intermediate_seq2048,0.0907,2.4844,"{""M"":2048,""N"":18432,""dtype"":""bf16""}",,True
gelu,ffn_intermediate_seq4096,0.1754,2.5502,"{""M"":4096,""N"":18432,""dtype"":""bf16""}",,True
gelu,ffn_intermediate_decode,0.0053,2.3537,"{""M"":1,""N"":18432,""dtype"":""bf16""}",,True
gelu,ffn_intermediate_batch128,0.0101,2.3542,"{""M"":128,""N"":18432,""dtype"":""bf16""}",,True
gelu,hidden_size_seq2048,0.0388,2.419,"{""M"":2048,""N"":7168,""dtype"":""bf16""}",,True
gemm_w8a8,llama31_8b_w8a8_decode_b1,0.0133,2.3953,"{""M"":1,""N"":4096,""K"":4096,""dtype"":""bf16"",""source"":""Llama-3.1-8B W8A8 GEMM, decode, batch=1"",""model"":""meta-llama/Llama-3.1-8B"",""phase"":""decode""}","Llama-3.1-8B W8A8 GEMM, decode, batch=1",True
gemm_w8a8,llama31_8b_w8a8_decode_b4,0.0127,2.3871,"{""M"":4,""N"":4096,""K"":4096,""dtype"":""bf16"",""source"":""Llama-3.1-8B W8A8 GEMM, decode, batch=4"",""model"":""meta-llama/Llama-3.1-8B"",""phase"":""decode""}","Llama-3.1-8B W8A8 GEMM, decode, batch=4",True
gemm_w8a8,llama31_8b_w8a8_decode_b8,0.0125,2.3822,"{""M"":8,""N"":4096,""K"":4096,""dtype"":""bf16"",""source"":""Llama-3.1-8B W8A8 GEMM, decode, batch=8"",""model"":""meta-llama/Llama-3.1-8B"",""phase"":""decode""}","Llama-3.1-8B W8A8 GEMM, decode, batch=8",True
gemm_w8a8,llama31_8b_w8a8_prefill_s64,0.0273,2.4192,"{""M"":64,""N"":4096,""K"":4096,""dtype"":""bf16"",""source"":""Llama-3.1-8B W8A8 GEMM, prefill, seq=64"",""model"":""meta-llama/Llama-3.1-8B"",""phase"":""prefill""}","Llama-3.1-8B W8A8 GEMM, prefill, seq=64",True
gemm_w8a8,llama31_8b_w8a8_prefill_s128,0.0489,2.4192,"{""M"":128,""N"":4096,""K"":4096,""dtype"":""bf16"",""source"":""Llama-3.1-8B W8A8 GEMM, prefill, seq=128"",""model"":""meta-llama/Llama-3.1-8B"",""phase"":""prefill""}","Llama-3.1-8B W8A8 GEMM, prefill, seq=128",True
gemm_w8a8,llama31_8b_w8a8_prefill_s256,0.0879,2.4848,"{""M"":256,""N"":4096,""K"":4096,""dtype"":""bf16"",""source"":""Llama-3.1-8B W8A8 GEMM, prefill, seq=256"",""model"":""meta-llama/Llama-3.1-8B"",""phase"":""prefill""}","Llama-3.1-8B W8A8 GEMM, prefill, seq=256",True
gemm_w8a8,llama31_8b_w8a8_prefill_s512,0.1699,2.5502,"{""M"":512,""N"":4096,""K"":4096,""dtype"":""bf16"",""source"":""Llama-3.1-8B W8A8 GEMM, prefill, seq=512"",""model"":""meta-llama/Llama-3.1-8B"",""phase"":""prefill""}","Llama-3.1-8B W8A8 GEMM, prefill, seq=512",True
gemm_w8a8,llama31_8b_w8a8_prefill_s1024,0.3123,2.6813,"{""M"":1024,""N"":4096,""K"":4096,""dtype"":""bf16"",""source"":""Llama-3.1-8B W8A8 GEMM, prefill, seq=1024"",""model"":""meta-llama/Llama-3.1-8B"",""phase"":""prefill""}","Llama-3.1-8B W8A8 GEMM, prefill, seq=1024",True
gemm_w8a8,llama31_8b_w8a8_prefill_s2048,0.5531,2.9432,"{""M"":2048,""N"":4096,""K"":4096,""dtype"":""bf16"",""source"":""Llama-3.1-8B W8A8 GEMM, prefill, seq=2048"",""model"":""meta-llama/Llama-3.1-8B"",""phase"":""prefill""}","Llama-3.1-8B W8A8 GEMM, prefill, seq=2048",True
gemma_rms_norm,gemma_2_9b_rmsnorm_decode_bs1,0.0084,2.3533,"{""hidden_size"":2048,""eps"":1e-06,""num_tokens"":1,""dtype"":""bf16"",""source"":""Gemma-2-9B, RMSNorm, decode, batch=1"",""model"":""google/gemma-2-9b"",""phase"":""decode""}","Gemma-2-9B, RMSNorm, decode, batch=1",True
gemma_rms_norm,gemma_2_9b_rmsnorm_decode_bs2,0.0084,2.3536,"{""hidden_size"":2048,""eps"":1e-06,""num_tokens"":2,""dtype"":""bf16"",""source"":""Gemma-2-9B, RMSNorm, decode, batch=2"",""model"":""google/gemma-2-9b"",""phase"":""decode""}","Gemma-2-9B, RMSNorm, decode, batch=2",True
gemma_rms_norm,gemma_2_9b_rmsnorm_decode_bs4,0.0087,2.3544,"{""hidden_size"":2048,""eps"":1e-06,""num_tokens"":4,""dtype"":""bf16"",""source"":""Gemma-2-9B, RMSNorm, decode, batch=4"",""model"":""google/gemma-2-9b"",""phase"":""decode""}","Gemma-2-9B, RMSNorm, decode, batch=4",True
gemma_rms_norm,gemma_2_9b_rmsnorm_decode_bs8,0.0085,2.3543,"{""hidden_size"":2048,""eps"":1e-06,""num_tokens"":8,""dtype"":""bf16"",""source"":""Gemma-2-9B, RMSNorm, decode, batch=8"",""model"":""google/gemma-2-9b"",""phase"":""decode""}","Gemma-2-9B, RMSNorm, decode, batch=8",True
gemma_rms_norm,gemma_2_9b_rmsnorm_decode_bs16,0.0088,2.3536,"{""hidden_size"":2048,""eps"":1e-06,""num_tokens"":16,""dtype"":""bf16"",""source"":""Gemma-2-9B, RMSNorm, decode, batch=16"",""model"":""google/gemma-2-9b"",""phase"":""decode""}","Gemma-2-9B, RMSNorm, decode, batch=16",True
gemma_rms_norm,gemma_2_9b_rmsnorm_decode_bs32,0.0086,2.3536,"{""hidden_size"":2048,""eps"":1e-06,""num_tokens"":32,""dtype"":""bf16"",""source"":""Gemma-2-9B, RMSNorm, decode, batch=32"",""model"":""google/gemma-2-9b"",""phase"":""decode""}","Gemma-2-9B, RMSNorm, decode, batch=32",True
gemma_rms_norm,gemma_2_9b_rmsnorm_prefill_s64,0.0089,2.3541,"{""hidden_size"":2048,""eps"":1e-06,""num_tokens"":64,""dtype"":""bf16"",""source"":""Gemma-2-9B, RMSNorm, prefill, seq=64"",""model"":""google/gemma-2-9b"",""phase"":""prefill""}","Gemma-2-9B, RMSNorm, prefill, seq=64",True
gemma_rms_norm,gemma_2_9b_rmsnorm_prefill_s128,0.0088,2.3542,"{""hidden_size"":2048,""eps"":1e-06,""num_tokens"":128,""dtype"":""bf16"",""source"":""Gemma-2-9B, RMSNorm, prefill, seq=128"",""model"":""google/gemma-2-9b"",""phase"":""prefill""}","Gemma-2-9B, RMSNorm, prefill, seq=128",True
gemma_rms_norm,gemma_2_9b_rmsnorm_prefill_s256,0.009,2.3543,"{""hidden_size"":2048,""eps"":1e-06,""num_tokens"":256,""dtype"":""bf16"",""source"":""Gemma-2-9B, RMSNorm, prefill, seq=256"",""model"":""google/gemma-2-9b"",""phase"":""prefill""}","Gemma-2-9B, RMSNorm, prefill, seq=256",True
gemma_rms_norm,gemma_2_9b_rmsnorm_prefill_s512,0.0093,2.3543,"{""hidden_size"":2048,""eps"":1e-06,""num_tokens"":512,""dtype"":""bf16"",""source"":""Gemma-2-9B, RMSNorm, prefill, seq=512"",""model"":""google/gemma-2-9b"",""phase"":""prefill""}","Gemma-2-9B, RMSNorm, prefill, seq=512",True
gemma_rms_norm,gemma_2_9b_rmsnorm_prefill_s1024,0.0107,2.3543,"{""hidden_size"":2048,""eps"":1e-06,""num_tokens"":1024,""dtype"":""bf16"",""source"":""Gemma-2-9B, RMSNorm, prefill, seq=1024"",""model"":""google/gemma-2-9b"",""phase"":""prefill""}","Gemma-2-9B, RMSNorm, prefill, seq=1024",True
gemma_rms_norm,gemma_2_9b_rmsnorm_prefill_s2048,0.0138,2.3989,"{""hidden_size"":2048,""eps"":1e-06,""num_tokens"":2048,""dtype"":""bf16"",""source"":""Gemma-2-9B, RMSNorm, prefill, seq=2048"",""model"":""google/gemma-2-9b"",""phase"":""prefill""}","Gemma-2-9B, RMSNorm, prefill, seq=2048",True
gemma_rms_norm,gemma_2_9b_rmsnorm_prefill_s4096,0.0197,2.4191,"{""hidden_size"":2048,""eps"":1e-06,""num_tokens"":4096,""dtype"":""bf16"",""source"":""Gemma-2-9B, RMSNorm, prefill, seq=4096"",""model"":""google/gemma-2-9b"",""phase"":""prefill""}","Gemma-2-9B, RMSNorm, prefill, seq=4096",True
gemma_rms_norm,gemma_2_9b_rmsnorm_prefill_s8192,0.0397,2.4192,"{""hidden_size"":2048,""eps"":1e-06,""num_tokens"":8192,""dtype"":""bf16"",""source"":""Gemma-2-9B, RMSNorm, prefill, seq=8192"",""model"":""google/gemma-2-9b"",""phase"":""prefill""}","Gemma-2-9B, RMSNorm, prefill, seq=8192",True
grouped_matmul,qwen3_30b_grouped_mm_decode_b1,0.0375,0.0335,"{""num_heads"":32,""num_kv_heads"":4,""head_dim"":128,""hidden_size"":4096,""expert_size"":512,""num_experts"":8,""num_tokens"":1,""num_groups"":4,""dtype"":""bf16"",""source"":""Qwen3-30B-A3B, Grouped matmul (GQA), decode, batch=1"",""model"":""Qwen/Qwen3-30B-A3B"",""phase"":""decode""}","Qwen3-30B-A3B, Grouped matmul (GQA), decode, batch=1",True
grouped_matmul,qwen3_30b_grouped_mm_decode_b4,0.0336,0.0342,"{""num_heads"":32,""num_kv_heads"":4,""head_dim"":128,""hidden_size"":4096,""expert_size"":512,""num_experts"":8,""num_tokens"":4,""num_groups"":4,""dtype"":""bf16"",""source"":""Qwen3-30B-A3B, Grouped matmul (GQA), decode, batch=4"",""model"":""Qwen/Qwen3-30B-A3B"",""phase"":""decode""}","Qwen3-30B-A3B, Grouped matmul (GQA), decode, batch=4",True
grouped_matmul,qwen3_30b_grouped_mm_decode_b8,0.0402,0.0433,"{""num_heads"":32,""num_kv_heads"":4,""head_dim"":128,""hidden_size"":4096,""expert_size"":512,""num_experts"":8,""num_tokens"":8,""num_groups"":4,""dtype"":""bf16"",""source"":""Qwen3-30B-A3B, Grouped matmul (GQA), decode, batch=8"",""model"":""Qwen/Qwen3-30B-A3B"",""phase"":""decode""}","Qwen3-30B-A3B, Grouped matmul (GQA), decode, batch=8",True
grouped_matmul,qwen3_30b_grouped_mm_decode_b16,0.0702,0.0733,"{""num_heads"":32,""num_kv_heads"":4,""head_dim"":128,""hidden_size"":4096,""expert_size"":512,""num_experts"":8,""num_tokens"":16,""num_groups"":4,""dtype"":""bf16"",""source"":""Qwen3-30B-A3B, Grouped matmul (GQA), decode, batch=16"",""model"":""Qwen/Qwen3-30B-A3B"",""phase"":""decode""}","Qwen3-30B-A3B, Grouped matmul (GQA), decode, batch=16",True
grouped_matmul,qwen3_30b_grouped_mm_prefill_s128,0.4065,0.4104,"{""num_heads"":32,""num_kv_heads"":4,""head_dim"":128,""hidden_size"":4096,""expert_size"":512,""num_experts"":8,""num_tokens"":128,""num_groups"":4,""dtype"":""bf16"",""source"":""Qwen3-30B-A3B, Grouped matmul (GQA), prefill, seq=128"",""model"":""Qwen/Qwen3-30B-A3B"",""phase"":""prefill""}","Qwen3-30B-A3B, Grouped matmul (GQA), prefill, seq=128",True
grouped_matmul,qwen3_30b_grouped_mm_prefill_s256,0.7392,0.7433,"{""num_heads"":32,""num_kv_heads"":4,""head_dim"":128,""hidden_size"":4096,""expert_size"":512,""num_experts"":8,""num_tokens"":256,""num_groups"":4,""dtype"":""bf16"",""source"":""Qwen3-30B-A3B, Grouped matmul (GQA), prefill, seq=256"",""model"":""Qwen/Qwen3-30B-A3B"",""phase"":""prefill""}","Qwen3-30B-A3B, Grouped matmul (GQA), prefill, seq=256",True
grouped_matmul,qwen3_30b_grouped_mm_prefill_s512,1.3713,1.3758,"{""num_heads"":32,""num_kv_heads"":4,""head_dim"":128,""hidden_size"":4096,""expert_size"":512,""num_experts"":8,""num_tokens"":512,""num_groups"":4,""dtype"":""bf16"",""source"":""Qwen3-30B-A3B, Grouped matmul (GQA), prefill, seq=512"",""model"":""Qwen/Qwen3-30B-A3B"",""phase"":""prefill""}","Qwen3-30B-A3B, Grouped matmul (GQA), prefill, seq=512",True
grouped_matmul,qwen3_30b_grouped_mm_prefill_s1024,2.7178,2.7244,"{""num_heads"":32,""num_kv_heads"":4,""head_dim"":128,""hidden_size"":4096,""expert_size"":512,""num_experts"":8,""num_tokens"":1024,""num_groups"":4,""dtype"":""bf16"",""source"":""Qwen3-30B-A3B, Grouped matmul (GQA), prefill, seq=1024"",""model"":""Qwen/Qwen3-30B-A3B"",""phase"":""prefill""}","Qwen3-30B-A3B, Grouped matmul (GQA), prefill, seq=1024",True
grouped_matmul,qwen3_30b_grouped_mm_prefill_s2048,5.4251,5.8575,"{""num_heads"":32,""num_kv_heads"":4,""head_dim"":128,""hidden_size"":4096,""expert_size"":512,""num_experts"":8,""num_tokens"":2048,""num_groups"":4,""dtype"":""bf16"",""source"":""Qwen3-30B-A3B, Grouped matmul (GQA), prefill, seq=2048"",""model"":""Qwen/Qwen3-30B-A3B"",""phase"":""prefill""}","Qwen3-30B-A3B, Grouped matmul (GQA), prefill, seq=2048",True
grouped_matmul,qwen3_30b_grouped_mm_prefill_s4096,11.2585,11.2924,"{""num_heads"":32,""num_kv_heads"":4,""head_dim"":128,""hidden_size"":4096,""expert_size"":512,""num_experts"":8,""num_tokens"":4096,""num_groups"":4,""dtype"":""bf16"",""source"":""Qwen3-30B-A3B, Grouped matmul (GQA), prefill, seq=4096"",""model"":""Qwen/Qwen3-30B-A3B"",""phase"":""prefill""}","Qwen3-30B-A3B, Grouped matmul (GQA), prefill, seq=4096",True
grouped_matmul,qwen3_30b_grouped_mm_prefill_s8192,22.5818,22.7471,"{""num_heads"":32,""num_kv_heads"":4,""head_dim"":128,""hidden_size"":4096,""expert_size"":512,""num_experts"":8,""num_tokens"":8192,""num_groups"":4,""dtype"":""bf16"",""source"":""Qwen3-30B-A3B, Grouped matmul (GQA), prefill, seq=8192"",""model"":""Qwen/Qwen3-30B-A3B"",""phase"":""prefill""}","Qwen3-30B-A3B, Grouped matmul (GQA), prefill, seq=8192",True
kv_rms_norm_rope_cache,llama31_8b_kv_cache_decode_b1_c1024,0.0278,2.418,"{""num_tokens"":1,""num_kv_heads"":8,""head_dim"":128,""cache_len"":1024,""dtype"":""bf16"",""eps"":""1e-6"",""source"":""Llama-3.1-8B KV cache, decode, batch=1, cache=1024"",""model"":""meta-llama/Llama-3.1-8B"",""phase"":""decode""}","Llama-3.1-8B KV cache, decode, batch=1, cache=1024",True
kv_rms_norm_rope_cache,llama31_8b_kv_cache_decode_b4_c2048,0.0313,2.4191,"{""num_tokens"":4,""num_kv_heads"":8,""head_dim"":128,""cache_len"":2048,""dtype"":""bf16"",""eps"":""1e-6"",""source"":""Llama-3.1-8B KV cache, decode, batch=4, cache=2048"",""model"":""meta-llama/Llama-3.1-8B"",""phase"":""decode""}","Llama-3.1-8B KV cache, decode, batch=4, cache=2048",True
kv_rms_norm_rope_cache,deepseek_v3_kv_cache_decode_b8_c1024,0.0739,2.4748,"{""num_tokens"":8,""num_kv_heads"":128,""head_dim"":128,""cache_len"":1024,""dtype"":""bf16"",""eps"":""1e-6"",""source"":""DeepSeek-V3 KV cache, decode, batch=8, cache=1024"",""model"":""deepseek-ai/DeepSeek-V3"",""phase"":""decode""}","DeepSeek-V3 KV cache, decode, batch=8, cache=1024",True
kv_rms_norm_rope_cache,llama31_8b_kv_cache_prefill_s64_c128,0.0286,2.419,"{""num_tokens"":64,""num_kv_heads"":8,""head_dim"":128,""cache_len"":128,""dtype"":""bf16"",""eps"":""1e-6"",""source"":""Llama-3.1-8B KV cache, prefill, seq=64, cache=128"",""model"":""meta-llama/Llama-3.1-8B"",""phase"":""prefill""}","Llama-3.1-8B KV cache, prefill, seq=64, cache=128",True
kv_rms_norm_rope_cache,llama31_8b_kv_cache_prefill_s128_c512,0.0306,2.4189,"{""num_tokens"":128,""num_kv_heads"":8,""head_dim"":128,""cache_len"":512,""dtype"":""bf16"",""eps"":""1e-6"",""source"":""Llama-3.1-8B KV cache, prefill, seq=128, cache=512"",""model"":""meta-llama/Llama-3.1-8B"",""phase"":""prefill""}","Llama-3.1-8B KV cache, prefill, seq=128, cache=512",True
kv_rms_norm_rope_cache,deepseek_v3_kv_cache_prefill_s256_c1024,0.2149,2.6156,"{""num_tokens"":256,""num_kv_heads"":128,""head_dim"":128,""cache_len"":1024,""dtype"":""bf16"",""eps"":""1e-6"",""source"":""DeepSeek-V3 KV cache, prefill, seq=256, cache=1024"",""model"":""deepseek-ai/DeepSeek-V3"",""phase"":""prefill""}","DeepSeek-V3 KV cache, prefill, seq=256, cache=1024",True
kv_rms_norm_rope_cache,llama31_8b_kv_cache_prefill_s512_c2048,0.0472,2.4189,"{""num_tokens"":512,""num_kv_heads"":8,""head_dim"":128,""cache_len"":2048,""dtype"":""bf16"",""eps"":""1e-6"",""source"":""Llama-3.1-8B KV cache, prefill, seq=512, cache=2048"",""model"":""meta-llama/Llama-3.1-8B"",""phase"":""prefill""}","Llama-3.1-8B KV cache, prefill, seq=512, cache=2048",True
kv_rms_norm_rope_cache,deepseek_v3_kv_cache_prefill_s1024_c4096,0.8038,3.2053,"{""num_tokens"":1024,""num_kv_heads"":128,""head_dim"":128,""cache_len"":4096,""dtype"":""bf16"",""eps"":""1e-6"",""source"":""DeepSeek-V3 KV cache, prefill, seq=1024, cache=4096"",""model"":""deepseek-ai/DeepSeek-V3"",""phase"":""prefill""}","DeepSeek-V3 KV cache, prefill, seq=1024, cache=4096",True
kv_rms_norm_rope_cache,llama31_8b_kv_cache_prefill_s2048_c4096,0.1103,2.4845,"{""num_tokens"":2048,""num_kv_heads"":8,""head_dim"":128,""cache_len"":4096,""dtype"":""bf16"",""eps"":""1e-6"",""source"":""Llama-3.1-8B KV cache, prefill, seq=2048, cache=4096"",""model"":""meta-llama/Llama-3.1-8B"",""phase"":""prefill""}","Llama-3.1-8B KV cache, prefill, seq=2048, cache=4096",True
layernorm,hidden_7168_seq2048,0.0473,2.4181,"{""M"":2048,""hidden_size"":7168,""dtype"":""bf16""}",,True
layernorm,hidden_7168_seq4096,0.0816,2.4846,"{""M"":4096,""hidden_size"":7168,""dtype"":""bf16""}",,True
layernorm,hidden_7168_decode,0.0136,2.3877,"{""M"":1,""hidden_size"":7168,""dtype"":""bf16""}",,True
layernorm,hidden_7168_batch128,0.0145,2.4189,"{""M"":128,""hidden_size"":7168,""dtype"":""bf16""}",,True
layernorm,hidden_4096_seq2048,0.0289,2.419,"{""M"":2048,""hidden_size"":4096,""dtype"":""bf16""}",,True
layernorm,hidden_7168_fp16,0.0474,2.4189,"{""M"":2048,""hidden_size"":7168,""dtype"":""fp16""}",,True
mm,qwen3_30b_moe_gate_decode,0.0089,2.3533,"{""phase"":""decode"",""M"":1,""N"":128,""K"":2048,""source"":""flashinfer-trace/gemm_n128_k2048 (Qwen3-30B-A3B moe.gate)""}",flashinfer-trace/gemm_n128_k2048 (Qwen3-30B-A3B moe.gate),True
mm,qwen3_30b_moe_gate_prefill,0.0092,2.3543,"{""phase"":""prefill"",""M"":256,""N"":128,""K"":2048,""source"":""flashinfer-trace/gemm_n128_k2048 (Qwen3-30B-A3B moe.gate)""}",flashinfer-trace/gemm_n128_k2048 (Qwen3-30B-A3B moe.gate),True
mm,llama31_8b_o_proj_decode,0.0132,2.3877,"{""phase"":""decode"",""M"":1,""N"":4096,""K"":4096,""source"":""flashinfer-trace/gemm_n4096_k4096 (Llama-3.1-8B attn.o_proj)""}",flashinfer-trace/gemm_n4096_k4096 (Llama-3.1-8B attn.o_proj),True
mm,llama31_8b_o_proj_prefill_256,0.088,2.4845,"{""phase"":""prefill"",""M"":256,""N"":4096,""K"":4096,""source"":""flashinfer-trace/gemm_n4096_k4096 (Llama-3.1-8B attn.o_proj)""}",flashinfer-trace/gemm_n4096_k4096 (Llama-3.1-8B attn.o_proj),True
mm,llama31_8b_o_proj_prefill_1024,0.3113,2.6814,"{""phase"":""prefill"",""M"":1024,""N"":4096,""K"":4096,""source"":""flashinfer-trace/gemm_n4096_k4096 (Llama-3.1-8B attn.o_proj)""}",flashinfer-trace/gemm_n4096_k4096 (Llama-3.1-8B attn.o_proj),True
mm,llama31_8b_ffn_down_decode,0.0442,2.4191,"{""phase"":""decode"",""M"":1,""N"":4096,""K"":14336,""source"":""flashinfer-trace/gemm_n4096_k14336 (Llama-3.1-8B ffn.down_proj)""}",flashinfer-trace/gemm_n4096_k14336 (Llama-3.1-8B ffn.down_proj),True
mm,llama31_8b_ffn_down_prefill_256,0.2547,2.6159,"{""phase"":""prefill"",""M"":256,""N"":4096,""K"":14336,""source"":""flashinfer-trace/gemm_n4096_k14336 (Llama-3.1-8B ffn.down_proj)""}",flashinfer-trace/gemm_n4096_k14336 (Llama-3.1-8B ffn.down_proj),True
mm,llama31_8b_ffn_down_prefill_1024,1.0649,3.4676,"{""phase"":""prefill"",""M"":1024,""N"":4096,""K"":14336,""source"":""flashinfer-trace/gemm_n4096_k14336 (Llama-3.1-8B ffn.down_proj)""}",flashinfer-trace/gemm_n4096_k14336 (Llama-3.1-8B ffn.down_proj),True
mm,llama31_8b_ffn_up_decode,0.0708,2.4233,"{""phase"":""decode"",""M"":1,""N"":28672,""K"":4096,""source"":""flashinfer-trace/gemm_n28672_k4096 (Llama-3.1-8B ffn.up_proj)""}",flashinfer-trace/gemm_n28672_k4096 (Llama-3.1-8B ffn.up_proj),True
mm,llama31_8b_ffn_up_prefill_256,0.4939,2.8779,"{""phase"":""prefill"",""M"":256,""N"":28672,""K"":4096,""source"":""flashinfer-trace/gemm_n28672_k4096 (Llama-3.1-8B ffn.up_proj)""}",flashinfer-trace/gemm_n28672_k4096 (Llama-3.1-8B ffn.up_proj),True
mm,llama31_8b_ffn_up_prefill_1024,1.9351,4.3189,"{""phase"":""prefill"",""M"":1024,""N"":28672,""K"":4096,""source"":""flashinfer-trace/gemm_n28672_k4096 (Llama-3.1-8B ffn.up_proj)""}",flashinfer-trace/gemm_n28672_k4096 (Llama-3.1-8B ffn.up_proj),True
mm,deepseek_v3_small_gemm_decode,0.0099,2.3543,"{""phase"":""decode"",""M"":1,""N"":256,""K"":7168,""source"":""flashinfer-trace/gemm_n256_k7168 (DeepSeek-V3)""}",flashinfer-trace/gemm_n256_k7168 (DeepSeek-V3),True
mm,deepseek_v3_small_gemm_prefill,0.0172,2.4191,"{""phase"":""prefill"",""M"":256,""N"":256,""K"":7168,""source"":""flashinfer-trace/gemm_n256_k7168 (DeepSeek-V3)""}",flashinfer-trace/gemm_n256_k7168 (DeepSeek-V3),True
moe_align_block_size,mixtral_moe_align_decode_b1,0.0073,2.3526,"{""num_tokens"":1,""num_experts"":8,""top_k"":2,""block_size"":64,""dtype"":""bf16"",""source"":""Mixtral MoE token align, decode, batch=1"",""model"":""mistralai/Mixtral-8x7B"",""phase"":""decode""}","Mixtral MoE token align, decode, batch=1",True
moe_align_block_size,mixtral_moe_align_decode_b4,0.0069,2.3536,"{""num_tokens"":4,""num_experts"":8,""top_k"":2,""block_size"":64,""dtype"":""bf16"",""source"":""Mixtral MoE token align, decode, batch=4"",""model"":""mistralai/Mixtral-8x7B"",""phase"":""decode""}","Mixtral MoE token align, decode, batch=4",True
moe_align_block_size,deepseek_v3_moe_align_decode_b8,0.0069,2.3537,"{""num_tokens"":8,""num_experts"":8,""top_k"":8,""block_size"":64,""dtype"":""bf16"",""source"":""DeepSeek-V3 MoE token align, decode, batch=8"",""model"":""deepseek-ai/DeepSeek-V3"",""phase"":""decode""}","DeepSeek-V3 MoE token align, decode, batch=8",True
moe_align_block_size,mixtral_moe_align_prefill_s64,0.0077,0.006,"{""num_tokens"":64,""num_experts"":8,""top_k"":2,""block_size"":64,""dtype"":""bf16"",""source"":""Mixtral MoE token align, prefill, seq=64"",""model"":""mistralai/Mixtral-8x7B"",""phase"":""prefill""}","Mixtral MoE token align, prefill, seq=64",True
moe_align_block_size,mixtral_moe_align_prefill_s128,0.0076,0.006,"{""num_tokens"":128,""num_experts"":8,""top_k"":2,""block_size"":64,""dtype"":""bf16"",""source"":""Mixtral MoE token align, prefill, seq=128"",""model"":""mistralai/Mixtral-8x7B"",""phase"":""prefill""}","Mixtral MoE token align, prefill, seq=128",True
moe_align_block_size,deepseek_v3_moe_align_prefill_s256,0.0077,0.0059,"{""num_tokens"":256,""num_experts"":8,""top_k"":8,""block_size"":64,""dtype"":""bf16"",""source"":""DeepSeek-V3 MoE token align, prefill, seq=256"",""model"":""deepseek-ai/DeepSeek-V3"",""phase"":""prefill""}","DeepSeek-V3 MoE token align, prefill, seq=256",True
moe_align_block_size,mixtral_moe_align_prefill_s512,0.0077,0.0061,"{""num_tokens"":512,""num_experts"":8,""top_k"":2,""block_size"":64,""dtype"":""bf16"",""source"":""Mixtral MoE token align, prefill, seq=512"",""model"":""mistralai/Mixtral-8x7B"",""phase"":""prefill""}","Mixtral MoE token align, prefill, seq=512",True
moe_align_block_size,deepseek_v3_moe_align_prefill_s1024,0.0077,0.0059,"{""num_tokens"":1024,""num_experts"":8,""top_k"":8,""block_size"":64,""dtype"":""bf16"",""source"":""DeepSeek-V3 MoE token align, prefill, seq=1024"",""model"":""deepseek-ai/DeepSeek-V3"",""phase"":""prefill""}","DeepSeek-V3 MoE token align, prefill, seq=1024",True
moe_align_block_size,mixtral_moe_align_prefill_s2048,0.0077,0.006,"{""num_tokens"":2048,""num_experts"":8,""top_k"":2,""block_size"":64,""dtype"":""bf16"",""source"":""Mixtral MoE token align, prefill, seq=2048"",""model"":""mistralai/Mixtral-8x7B"",""phase"":""prefill""}","Mixtral MoE token align, prefill, seq=2048",True
moe_sum,deepseek_v3_moe_sum_decode_b1,0.0065,2.3526,"{""num_tokens"":1,""num_experts"":8,""hidden_size"":7168,""dtype"":""bf16"",""source"":""DeepSeek-V3 MoE, decode, batch=1"",""model"":""deepseek-ai/DeepSeek-V3"",""phase"":""decode""}","DeepSeek-V3 MoE, decode, batch=1",True
moe_sum,deepseek_v3_moe_sum_decode_b4,0.0075,2.3535,"{""num_tokens"":4,""num_experts"":8,""hidden_size"":7168,""dtype"":""bf16"",""source"":""DeepSeek-V3 MoE, decode, batch=4"",""model"":""deepseek-ai/DeepSeek-V3"",""phase"":""decode""}","DeepSeek-V3 MoE, decode, batch=4",True
moe_sum,deepseek_v3_moe_sum_decode_b8,0.0082,2.3535,"{""num_tokens"":8,""num_experts"":8,""hidden_size"":7168,""dtype"":""bf16"",""source"":""DeepSeek-V3 MoE, decode, batch=8"",""model"":""deepseek-ai/DeepSeek-V3"",""phase"":""decode""}","DeepSeek-V3 MoE, decode, batch=8",True
moe_sum,deepseek_v3_moe_sum_prefill_s64,0.0225,2.4191,"{""num_tokens"":64,""num_experts"":8,""hidden_size"":7168,""dtype"":""bf16"",""source"":""DeepSeek-V3 MoE, prefill, seq=64"",""model"":""deepseek-ai/DeepSeek-V3"",""phase"":""prefill""}","DeepSeek-V3 MoE, prefill, seq=64",True
moe_sum,deepseek_v3_moe_sum_prefill_s128,0.0285,2.419,"{""num_tokens"":128,""num_experts"":8,""hidden_size"":7168,""dtype"":""bf16"",""source"":""DeepSeek-V3 MoE, prefill, seq=128"",""model"":""deepseek-ai/DeepSeek-V3"",""phase"":""prefill""}","DeepSeek-V3 MoE, prefill, seq=128",True
moe_sum,deepseek_v3_moe_sum_prefill_s256,0.0485,2.4185,"{""num_tokens"":256,""num_experts"":8,""hidden_size"":7168,""dtype"":""bf16"",""source"":""DeepSeek-V3 MoE, prefill, seq=256"",""model"":""deepseek-ai/DeepSeek-V3"",""phase"":""prefill""}","DeepSeek-V3 MoE, prefill, seq=256",True
moe_sum,deepseek_v3_moe_sum_prefill_s512,0.0896,2.4846,"{""num_tokens"":512,""num_experts"":8,""hidden_size"":7168,""dtype"":""bf16"",""source"":""DeepSeek-V3 MoE, prefill, seq=512"",""model"":""deepseek-ai/DeepSeek-V3"",""phase"":""prefill""}","DeepSeek-V3 MoE, prefill, seq=512",True
moe_sum,deepseek_v3_moe_sum_prefill_s1024,0.1698,2.55,"{""num_tokens"":1024,""num_experts"":8,""hidden_size"":7168,""dtype"":""bf16"",""source"":""DeepSeek-V3 MoE, prefill, seq=1024"",""model"":""deepseek-ai/DeepSeek-V3"",""phase"":""prefill""}","DeepSeek-V3 MoE, prefill, seq=1024",True
moe_sum,deepseek_v3_moe_sum_prefill_s2048,0.3304,2.6817,"{""num_tokens"":2048,""num_experts"":8,""hidden_size"":7168,""dtype"":""bf16"",""source"":""DeepSeek-V3 MoE, prefill, seq=2048"",""model"":""deepseek-ai/DeepSeek-V3"",""phase"":""prefill""}","DeepSeek-V3 MoE, prefill, seq=2048",True
per_token_group_fp8_quant,fp8_quant_decode_b1_h7168,0.024,2.4179,"{""num_tokens"":1,""hidden_size"":7168,""group_size"":128,""dtype"":""bf16"",""source"":""FP8 quantization, decode, batch=1"",""model"":""Generic FP8"",""phase"":""decode""}","FP8 quantization, decode, batch=1",True
per_token_group_fp8_quant,fp8_quant_decode_b4_h7168,0.0241,2.419,"{""num_tokens"":4,""hidden_size"":7168,""group_size"":128,""dtype"":""bf16"",""source"":""FP8 quantization, decode, batch=4"",""model"":""Generic FP8"",""phase"":""decode""}","FP8 quantization, decode, batch=4",True
per_token_group_fp8_quant,fp8_quant_decode_b8_h4096,0.0245,2.4191,"{""num_tokens"":8,""hidden_size"":4096,""group_size"":128,""dtype"":""bf16"",""source"":""FP8 quantization, decode, batch=8"",""model"":""Generic FP8"",""phase"":""decode""}","FP8 quantization, decode, batch=8",True
per_token_group_fp8_quant,fp8_quant_prefill_s64_h7168,0.0282,2.4191,"{""num_tokens"":64,""hidden_size"":7168,""group_size"":128,""dtype"":""bf16"",""source"":""FP8 quantization, prefill, seq=64"",""model"":""Generic FP8"",""phase"":""prefill""}","FP8 quantization, prefill, seq=64",True
per_token_group_fp8_quant,fp8_quant_prefill_s128_h4096,0.0299,2.419,"{""num_tokens"":128,""hidden_size"":4096,""group_size"":128,""dtype"":""bf16"",""source"":""FP8 quantization, prefill, seq=128"",""model"":""Generic FP8"",""phase"":""prefill""}","FP8 quantization, prefill, seq=128",True
per_token_group_fp8_quant,fp8_quant_prefill_s256_h7168,0.0513,2.4189,"{""num_tokens"":256,""hidden_size"":7168,""group_size"":128,""dtype"":""bf16"",""source"":""FP8 quantization, prefill, seq=256"",""model"":""Generic FP8"",""phase"":""prefill""}","FP8 quantization, prefill, seq=256",True
per_token_group_fp8_quant,fp8_quant_prefill_s512_h4096,0.0562,2.4191,"{""num_tokens"":512,""hidden_size"":4096,""group_size"":128,""dtype"":""bf16"",""source"":""FP8 quantization, prefill, seq=512"",""model"":""Generic FP8"",""phase"":""prefill""}","FP8 quantization, prefill, seq=512",True
per_token_group_fp8_quant,fp8_quant_prefill_s1024_h7168,0.1448,2.5501,"{""num_tokens"":1024,""hidden_size"":7168,""group_size"":128,""dtype"":""bf16"",""source"":""FP8 quantization, prefill, seq=1024"",""model"":""Generic FP8"",""phase"":""prefill""}","FP8 quantization, prefill, seq=1024",True
per_token_group_fp8_quant,fp8_quant_prefill_s2048_h4096,0.1637,2.5499,"{""num_tokens"":2048,""hidden_size"":4096,""group_size"":128,""dtype"":""bf16"",""source"":""FP8 quantization, prefill, seq=2048"",""model"":""Generic FP8"",""phase"":""prefill""}","FP8 quantization, prefill, seq=2048",True
persistent_topk,llama31_8b_topkp_decode_b1,0.0535,2.4202,"{""vocab_size"":128256,""k"":50,""p"":0.9,""dtype"":""bf16"",""N"":128256,""num_tokens"":1,""source"":""FlashInfer-Trace, Llama-3.1-8B, top-k+top-p, batch=1"",""model"":""meta-llama/Llama-3.1-8B"",""phase"":""decode""}","FlashInfer-Trace, Llama-3.1-8B, top-k+top-p, batch=1",True
persistent_topk,llama31_8b_topkp_decode_b2,0.0553,2.4191,"{""vocab_size"":128256,""k"":50,""p"":0.9,""dtype"":""bf16"",""N"":128256,""num_tokens"":2,""source"":""FlashInfer-Trace, Llama-3.1-8B, top-k+top-p, batch=2"",""model"":""meta-llama/Llama-3.1-8B"",""phase"":""decode""}","FlashInfer-Trace, Llama-3.1-8B, top-k+top-p, batch=2",True
persistent_topk,llama31_8b_topkp_decode_b4,0.0593,2.4191,"{""vocab_size"":128256,""k"":50,""p"":0.9,""dtype"":""bf16"",""N"":128256,""num_tokens"":4,""source"":""FlashInfer-Trace, Llama-3.1-8B, top-k+top-p, batch=4"",""model"":""meta-llama/Llama-3.1-8B"",""phase"":""decode""}","FlashInfer-Trace, Llama-3.1-8B, top-k+top-p, batch=4",True
persistent_topk,llama31_8b_topkp_decode_b8,0.0643,2.4191,"{""vocab_size"":128256,""k"":50,""p"":0.9,""dtype"":""bf16"",""N"":128256,""num_tokens"":8,""source"":""FlashInfer-Trace, Llama-3.1-8B, top-k+top-p, batch=8"",""model"":""meta-llama/Llama-3.1-8B"",""phase"":""decode""}","FlashInfer-Trace, Llama-3.1-8B, top-k+top-p, batch=8",True
persistent_topk,llama31_8b_topkp_decode_b16,0.0788,2.4519,"{""vocab_size"":128256,""k"":50,""p"":0.9,""dtype"":""bf16"",""N"":128256,""num_tokens"":16,""source"":""FlashInfer-Trace, Llama-3.1-8B, top-k+top-p, batch=16"",""model"":""meta-llama/Llama-3.1-8B"",""phase"":""decode""}","FlashInfer-Trace, Llama-3.1-8B, top-k+top-p, batch=16",True
persistent_topk,llama31_8b_topkp_decode_b32,0.1119,2.4846,"{""vocab_size"":128256,""k"":50,""p"":0.9,""dtype"":""bf16"",""N"":128256,""num_tokens"":32,""source"":""FlashInfer-Trace, Llama-3.1-8B, top-k+top-p, batch=32"",""model"":""meta-llama/Llama-3.1-8B"",""phase"":""decode""}","FlashInfer-Trace, Llama-3.1-8B, top-k+top-p, batch=32",True
persistent_topk,llama31_8b_topkp_decode_b64,0.161,2.5501,"{""vocab_size"":128256,""k"":50,""p"":0.9,""dtype"":""bf16"",""N"":128256,""num_tokens"":64,""source"":""FlashInfer-Trace, Llama-3.1-8B, top-k+top-p, batch=64"",""model"":""meta-llama/Llama-3.1-8B"",""phase"":""decode""}","FlashInfer-Trace, Llama-3.1-8B, top-k+top-p, batch=64",True
persistent_topk,llama31_8b_topkp_prefill_b128,0.2646,2.6164,"{""vocab_size"":128256,""k"":50,""p"":0.9,""dtype"":""bf16"",""N"":128256,""num_tokens"":128,""source"":""FlashInfer-Trace, Llama-3.1-8B, top-k+top-p, batch=128"",""model"":""meta-llama/Llama-3.1-8B"",""phase"":""prefill""}","FlashInfer-Trace, Llama-3.1-8B, top-k+top-p, batch=128",True
persistent_topk,llama31_8b_topkp_prefill_b256,0.5248,2.8779,"{""vocab_size"":128256,""k"":50,""p"":0.9,""dtype"":""bf16"",""N"":128256,""num_tokens"":256,""source"":""FlashInfer-Trace, Llama-3.1-8B, top-k+top-p, batch=256"",""model"":""meta-llama/Llama-3.1-8B"",""phase"":""prefill""}","FlashInfer-Trace, Llama-3.1-8B, top-k+top-p, batch=256",True
persistent_topk,llama31_8b_topkp_prefill_b512,0.9113,3.271,"{""vocab_size"":128256,""k"":50,""p"":0.9,""dtype"":""bf16"",""N"":128256,""num_tokens"":512,""source"":""FlashInfer-Trace, Llama-3.1-8B, top-k+top-p, batch=512"",""model"":""meta-llama/Llama-3.1-8B"",""phase"":""prefill""}","FlashInfer-Trace, Llama-3.1-8B, top-k+top-p, batch=512",True
persistent_topk,llama31_8b_topkp_prefill_b1024,1.7061,4.058,"{""vocab_size"":128256,""k"":50,""p"":0.9,""dtype"":""bf16"",""N"":128256,""num_tokens"":1024,""source"":""FlashInfer-Trace, Llama-3.1-8B, top-k+top-p, batch=1024"",""model"":""meta-llama/Llama-3.1-8B"",""phase"":""prefill""}","FlashInfer-Trace, Llama-3.1-8B, top-k+top-p, batch=1024",True
persistent_topk,llama31_8b_topkp_prefill_b2048,5.7772,8.181,"{""vocab_size"":128256,""k"":50,""p"":0.9,""dtype"":""bf16"",""N"":128256,""num_tokens"":2048,""source"":""FlashInfer-Trace, Llama-3.1-8B, top-k+top-p, batch=2048"",""model"":""meta-llama/Llama-3.1-8B"",""phase"":""prefill""}","FlashInfer-Trace, Llama-3.1-8B, top-k+top-p, batch=2048",True
rms_norm,llama31_8b_rmsnorm_decode_bs1,0.0081,2.3537,"{""hidden_size"":4096,""eps"":""1e-6"",""num_tokens"":1,""dtype"":""bf16"",""source"":""Llama-3.1-8B, RMSNorm, decode, batch=1"",""model"":""meta-llama/Llama-3.1-8B"",""phase"":""decode""}","Llama-3.1-8B, RMSNorm, decode, batch=1",True
rms_norm,llama31_8b_rmsnorm_decode_bs2,0.0082,2.3537,"{""hidden_size"":4096,""eps"":""1e-6"",""num_tokens"":2,""dtype"":""bf16"",""source"":""Llama-3.1-8B, RMSNorm, decode, batch=2"",""model"":""meta-llama/Llama-3.1-8B"",""phase"":""decode""}","Llama-3.1-8B, RMSNorm, decode, batch=2",True
rms_norm,llama31_8b_rmsnorm_decode_bs4,0.0082,2.3542,"{""hidden_size"":4096,""eps"":""1e-6"",""num_tokens"":4,""dtype"":""bf16"",""source"":""Llama-3.1-8B, RMSNorm, decode, batch=4"",""model"":""meta-llama/Llama-3.1-8B"",""phase"":""decode""}","Llama-3.1-8B, RMSNorm, decode, batch=4",True
rms_norm,llama31_8b_rmsnorm_decode_bs8,0.0082,2.3519,"{""hidden_size"":4096,""eps"":""1e-6"",""num_tokens"":8,""dtype"":""bf16"",""source"":""Llama-3.1-8B, RMSNorm, decode, batch=8"",""model"":""meta-llama/Llama-3.1-8B"",""phase"":""decode""}","Llama-3.1-8B, RMSNorm, decode, batch=8",True
rms_norm,llama31_8b_rmsnorm_decode_bs16,0.0083,2.3535,"{""hidden_size"":4096,""eps"":""1e-6"",""num_tokens"":16,""dtype"":""bf16"",""source"":""Llama-3.1-8B, RMSNorm, decode, batch=16"",""model"":""meta-llama/Llama-3.1-8B"",""phase"":""decode""}","Llama-3.1-8B, RMSNorm, decode, batch=16",True
rms_norm,llama31_8b_rmsnorm_decode_bs32,0.0083,2.3535,"{""hidden_size"":4096,""eps"":""1e-6"",""num_tokens"":32,""dtype"":""bf16"",""source"":""Llama-3.1-8B, RMSNorm, decode, batch=32"",""model"":""meta-llama/Llama-3.1-8B"",""phase"":""decode""}","Llama-3.1-8B, RMSNorm, decode, batch=32",True
rms_norm,llama31_8b_rmsnorm_prefill_s64,0.0084,2.3543,"{""hidden_size"":4096,""eps"":""1e-6"",""num_tokens"":64,""dtype"":""bf16"",""source"":""Llama-3.1-8B, RMSNorm, prefill, seq=64"",""model"":""meta-llama/Llama-3.1-8B"",""phase"":""prefill""}","Llama-3.1-8B, RMSNorm, prefill, seq=64",True
rms_norm,llama31_8b_rmsnorm_prefill_s128,0.0086,2.3536,"{""hidden_size"":4096,""eps"":""1e-6"",""num_tokens"":128,""dtype"":""bf16"",""source"":""Llama-3.1-8B, RMSNorm, prefill, seq=128"",""model"":""meta-llama/Llama-3.1-8B"",""phase"":""prefill""}","Llama-3.1-8B, RMSNorm, prefill, seq=128",True
rms_norm,llama31_8b_rmsnorm_prefill_s256,0.0088,2.3497,"{""hidden_size"":4096,""eps"":""1e-6"",""num_tokens"":256,""dtype"":""bf16"",""source"":""Llama-3.1-8B, RMSNorm, prefill, seq=256"",""model"":""meta-llama/Llama-3.1-8B"",""phase"":""prefill""}","Llama-3.1-8B, RMSNorm, prefill, seq=256",True
rms_norm,llama31_8b_rmsnorm_prefill_s512,0.0093,2.3503,"{""hidden_size"":4096,""eps"":""1e-6"",""num_tokens"":512,""dtype"":""bf16"",""source"":""Llama-3.1-8B, RMSNorm, prefill, seq=512"",""model"":""meta-llama/Llama-3.1-8B"",""phase"":""prefill""}","Llama-3.1-8B, RMSNorm, prefill, seq=512",True
rms_norm,llama31_8b_rmsnorm_prefill_s1024,0.0118,2.349,"{""hidden_size"":4096,""eps"":""1e-6"",""num_tokens"":1024,""dtype"":""bf16"",""source"":""Llama-3.1-8B, RMSNorm, prefill, seq=1024"",""model"":""meta-llama/Llama-3.1-8B"",""phase"":""prefill""}","Llama-3.1-8B, RMSNorm, prefill, seq=1024",True
rms_norm,llama31_8b_rmsnorm_prefill_s2048,0.0173,2.4192,"{""hidden_size"":4096,""eps"":""1e-6"",""num_tokens"":2048,""dtype"":""bf16"",""source"":""Llama-3.1-8B, RMSNorm, prefill, seq=2048"",""model"":""meta-llama/Llama-3.1-8B"",""phase"":""prefill""}","Llama-3.1-8B, RMSNorm, prefill, seq=2048",True
rms_norm,llama31_8b_rmsnorm_prefill_s4096,0.0381,2.4193,"{""hidden_size"":4096,""eps"":""1e-6"",""num_tokens"":4096,""dtype"":""bf16"",""source"":""Llama-3.1-8B, RMSNorm, prefill, seq=4096"",""model"":""meta-llama/Llama-3.1-8B"",""phase"":""prefill""}","Llama-3.1-8B, RMSNorm, prefill, seq=4096",True
rms_norm,llama31_8b_rmsnorm_prefill_s8192,0.0639,2.4191,"{""hidden_size"":4096,""eps"":""1e-6"",""num_tokens"":8192,""dtype"":""bf16"",""source"":""Llama-3.1-8B, RMSNorm, prefill, seq=8192"",""model"":""meta-llama/Llama-3.1-8B"",""phase"":""prefill""}","Llama-3.1-8B, RMSNorm, prefill, seq=8192",True
rms_norm,llama31_8b_rmsnorm_prefill_s16384,0.1167,2.4848,"{""hidden_size"":4096,""eps"":""1e-6"",""num_tokens"":16384,""dtype"":""bf16"",""source"":""Llama-3.1-8B, RMSNorm, prefill, seq=16384"",""model"":""meta-llama/Llama-3.1-8B"",""phase"":""prefill""}","Llama-3.1-8B, RMSNorm, prefill, seq=16384",True
rope,deepseek_v3_rope_prefill,0.7261,3.0768,"{""batch"":1,""seq_len"":2048,""num_heads"":128,""head_dim"":192,""dtype"":""bf16""}",,True
rope,deepseek_v3_rope_decode,0.0149,2.419,"{""batch"":1,""seq_len"":1,""num_heads"":128,""head_dim"":192,""dtype"":""bf16""}",,True
rope,deepseek_v3_rope_batch8,5.2833,7.6617,"{""batch"":8,""seq_len"":1024,""num_heads"":128,""head_dim"":192,""dtype"":""bf16""}",,True
rope,llama_rope_prefill,0.1323,2.4845,"{""batch"":1,""seq_len"":2048,""num_heads"":32,""head_dim"":128,""dtype"":""bf16""}",,True
rope,llama_rope_decode,0.0146,2.419,"{""batch"":1,""seq_len"":1,""num_heads"":32,""head_dim"":128,""dtype"":""bf16""}",,True
router_gemm_bf16_fp32,deepseek_v3_router_prefill,0.3324,2.6804,"{""num_tokens"":2048,""hidden_size"":7168,""num_experts"":160,""dtype"":""bf16""}",,True
router_gemm_bf16_fp32,deepseek_v3_router_decode,0.0188,2.4177,"{""num_tokens"":1,""hidden_size"":7168,""num_experts"":160,""dtype"":""bf16""}",,True
router_gemm_bf16_fp32,deepseek_v3_router_batch128,0.0447,2.4185,"{""num_tokens"":128,""hidden_size"":7168,""num_experts"":160,""dtype"":""bf16""}",,True
router_gemm_bf16_fp32,moe_64experts_router,0.1231,2.4845,"{""num_tokens"":2048,""hidden_size"":4096,""num_experts"":64,""dtype"":""bf16""}",,True
router_gemm_bf16_fp32,moe_8experts_router,0.0897,2.484,"{""num_tokens"":2048,""hidden_size"":4096,""num_experts"":8,""dtype"":""bf16""}",,True
silu_and_mul,ffn_gate_seq2048,0.3472,2.7465,"{""M"":2048,""N"":18432,""dtype"":""bf16""}",,True
silu_and_mul,ffn_gate_seq4096,0.6831,3.0743,"{""M"":4096,""N"":18432,""dtype"":""bf16""}",,True
silu_and_mul,ffn_gate_decode,0.0074,2.3523,"{""M"":1,""N"":18432,""dtype"":""bf16""}",,True
silu_and_mul,ffn_gate_batch128,0.0264,2.4191,"{""M"":128,""N"":18432,""dtype"":""bf16""}",,True
silu_and_mul,ffn_gate_with_clamp,0.3995,2.7532,"{""M"":2048,""N"":18432,""dtype"":""bf16"",""clamp_value"":10.0}",,True
silu_and_mul_with_clamp,gemma2_9b_gating_decode_b1,0.0094,2.3542,"{""M"":1,""N"":9216,""dtype"":""bf16"",""clamp_min"":-30.0,""clamp_max"":30.0,""source"":""Gemma-2-9B FFN gating, decode, batch=1"",""model"":""google/gemma-2-9b"",""phase"":""decode""}","Gemma-2-9B FFN gating, decode, batch=1",True
silu_and_mul_with_clamp,gemma2_9b_gating_decode_b4,0.0119,2.3548,"{""M"":4,""N"":9216,""dtype"":""bf16"",""clamp_min"":-30.0,""clamp_max"":30.0,""source"":""Gemma-2-9B FFN gating, decode, batch=4"",""model"":""google/gemma-2-9b"",""phase"":""decode""}","Gemma-2-9B FFN gating, decode, batch=4",True
silu_and_mul_with_clamp,gemma2_9b_gating_decode_b8,0.012,2.3543,"{""M"":8,""N"":9216,""dtype"":""bf16"",""clamp_min"":-30.0,""clamp_max"":30.0,""source"":""Gemma-2-9B FFN gating, decode, batch=8"",""model"":""google/gemma-2-9b"",""phase"":""decode""}","Gemma-2-9B FFN gating, decode, batch=8",True
silu_and_mul_with_clamp,gemma2_9b_gating_prefill_s64,0.0155,2.4187,"{""M"":64,""N"":9216,""dtype"":""bf16"",""clamp_min"":-30.0,""clamp_max"":30.0,""source"":""Gemma-2-9B FFN gating, prefill, seq=64"",""model"":""google/gemma-2-9b"",""phase"":""prefill""}","Gemma-2-9B FFN gating, prefill, seq=64",True
silu_and_mul_with_clamp,gemma2_9b_gating_prefill_s128,0.0206,2.4192,"{""M"":128,""N"":9216,""dtype"":""bf16"",""clamp_min"":-30.0,""clamp_max"":30.0,""source"":""Gemma-2-9B FFN gating, prefill, seq=128"",""model"":""google/gemma-2-9b"",""phase"":""prefill""}","Gemma-2-9B FFN gating, prefill, seq=128",True
silu_and_mul_with_clamp,gemma2_9b_gating_prefill_s256,0.031,2.4189,"{""M"":256,""N"":9216,""dtype"":""bf16"",""clamp_min"":-30.0,""clamp_max"":30.0,""source"":""Gemma-2-9B FFN gating, prefill, seq=256"",""model"":""google/gemma-2-9b"",""phase"":""prefill""}","Gemma-2-9B FFN gating, prefill, seq=256",True
silu_and_mul_with_clamp,gemma2_9b_gating_prefill_s512,0.0531,2.4185,"{""M"":512,""N"":9216,""dtype"":""bf16"",""clamp_min"":-30.0,""clamp_max"":30.0,""source"":""Gemma-2-9B FFN gating, prefill, seq=512"",""model"":""google/gemma-2-9b"",""phase"":""prefill""}","Gemma-2-9B FFN gating, prefill, seq=512",True
silu_and_mul_with_clamp,gemma2_9b_gating_prefill_s1024,0.1058,2.4834,"{""M"":1024,""N"":9216,""dtype"":""bf16"",""clamp_min"":-30.0,""clamp_max"":30.0,""source"":""Gemma-2-9B FFN gating, prefill, seq=1024"",""model"":""google/gemma-2-9b"",""phase"":""prefill""}","Gemma-2-9B FFN gating, prefill, seq=1024",True
silu_and_mul_with_clamp,gemma2_9b_gating_prefill_s2048,0.2066,2.6145,"{""M"":2048,""N"":9216,""dtype"":""bf16"",""clamp_min"":-30.0,""clamp_max"":30.0,""source"":""Gemma-2-9B FFN gating, prefill, seq=2048"",""model"":""google/gemma-2-9b"",""phase"":""prefill""}","Gemma-2-9B FFN gating, prefill, seq=2048",True
sparse_attention,decode_b1_s1_h32_d128,0.0121,2.3556,"{""batch_size"":1,""seq_len"":1,""num_heads"":32,""head_dim"":128,""causal"":true,""dtype"":""bf16""}",,True
sparse_attention,decode_b8_s1_h32_d128,0.025,2.4191,"{""batch_size"":8,""seq_len"":1,""num_heads"":32,""head_dim"":128,""causal"":true,""dtype"":""bf16""}",,True
sparse_attention,prefill_b1_s512_h32_d128,0.0749,2.4199,"{""batch_size"":1,""seq_len"":512,""num_heads"":32,""head_dim"":128,""causal"":true,""dtype"":""bf16""}",,True
sparse_attention,prefill_b1_s1024_h32_d128,0.1951,2.5536,"{""batch_size"":1,""seq_len"":1024,""num_heads"":32,""head_dim"":128,""causal"":true,""dtype"":""bf16""}",,True
sparse_attention,prefill_b1_s2048_h32_d128,0.5859,2.955,"{""batch_size"":1,""seq_len"":2048,""num_heads"":32,""head_dim"":128,""causal"":true,""dtype"":""bf16""}",,True
sparse_attention,mixed_b4_s256_h32_d128,0.0626,2.419,"{""batch_size"":4,""seq_len"":256,""num_heads"":32,""head_dim"":128,""causal"":true,""dtype"":""bf16""}",,True
swiglu,llama31_8b_swiglu_decode_b1,0.0075,2.3543,"{""M"":1,""N"":14336,""dtype"":""bf16"",""source"":""Llama-3.1-8B FFN, decode, batch=1"",""model"":""meta-llama/Llama-3.1-8B"",""phase"":""decode""}","Llama-3.1-8B FFN, decode, batch=1",True
swiglu,llama31_8b_swiglu_decode_b4,0.0076,2.3534,"{""M"":4,""N"":14336,""dtype"":""bf16"",""source"":""Llama-3.1-8B FFN, decode, batch=4"",""model"":""meta-llama/Llama-3.1-8B"",""phase"":""decode""}","Llama-3.1-8B FFN, decode, batch=4",True
swiglu,llama31_8b_swiglu_decode_b8,0.0077,2.3541,"{""M"":8,""N"":14336,""dtype"":""bf16"",""source"":""Llama-3.1-8B FFN, decode, batch=8"",""model"":""meta-llama/Llama-3.1-8B"",""phase"":""decode""}","Llama-3.1-8B FFN, decode, batch=8",True
swiglu,llama31_8b_swiglu_prefill_s64,0.0099,2.3543,"{""M"":64,""N"":14336,""dtype"":""bf16"",""source"":""Llama-3.1-8B FFN, prefill, seq=64"",""model"":""meta-llama/Llama-3.1-8B"",""phase"":""prefill""}","Llama-3.1-8B FFN, prefill, seq=64",True
swiglu,llama31_8b_swiglu_prefill_s128,0.012,2.3543,"{""M"":128,""N"":14336,""dtype"":""bf16"",""source"":""Llama-3.1-8B FFN, prefill, seq=128"",""model"":""meta-llama/Llama-3.1-8B"",""phase"":""prefill""}","Llama-3.1-8B FFN, prefill, seq=128",True
swiglu,llama31_8b_swiglu_prefill_s256,0.0167,2.4189,"{""M"":256,""N"":14336,""dtype"":""bf16"",""source"":""Llama-3.1-8B FFN, prefill, seq=256"",""model"":""meta-llama/Llama-3.1-8B"",""phase"":""prefill""}","Llama-3.1-8B FFN, prefill, seq=256",True
swiglu,llama31_8b_swiglu_prefill_s512,0.0311,2.4186,"{""M"":512,""N"":14336,""dtype"":""bf16"",""source"":""Llama-3.1-8B FFN, prefill, seq=512"",""model"":""meta-llama/Llama-3.1-8B"",""phase"":""prefill""}","Llama-3.1-8B FFN, prefill, seq=512",True
swiglu,llama31_8b_swiglu_prefill_s1024,0.0604,2.4191,"{""M"":1024,""N"":14336,""dtype"":""bf16"",""source"":""Llama-3.1-8B FFN, prefill, seq=1024"",""model"":""meta-llama/Llama-3.1-8B"",""phase"":""prefill""}","Llama-3.1-8B FFN, prefill, seq=1024",True
swiglu,llama31_8b_swiglu_prefill_s2048,0.1092,2.4846,"{""M"":2048,""N"":14336,""dtype"":""bf16"",""source"":""Llama-3.1-8B FFN, prefill, seq=2048"",""model"":""meta-llama/Llama-3.1-8B"",""phase"":""prefill""}","Llama-3.1-8B FFN, prefill, seq=2048",True
swiglu,llama31_8b_swiglu_prefill_s4096,0.2073,2.6159,"{""M"":4096,""N"":14336,""dtype"":""bf16"",""source"":""Llama-3.1-8B FFN, prefill, seq=4096"",""model"":""meta-llama/Llama-3.1-8B"",""phase"":""prefill""}","Llama-3.1-8B FFN, prefill, seq=4096",True
top_k_per_row_decode,llama31_8b_topk_decode_b1,0.0138,2.3991,"{""vocab_size"":128256,""num_experts"":8,""k"":4,""dtype"":""bf16"",""num_tokens"":1,""source"":""FlashInfer-Trace, Llama-3.1-8B, top-k decode, batch=1"",""model"":""meta-llama/Llama-3.1-8B"",""phase"":""decode""}","FlashInfer-Trace, Llama-3.1-8B, top-k decode, batch=1",True
top_k_per_row_decode,llama31_8b_topk_decode_b2,0.0148,2.4191,"{""vocab_size"":128256,""num_experts"":8,""k"":4,""dtype"":""bf16"",""num_tokens"":2,""source"":""FlashInfer-Trace, Llama-3.1-8B, top-k decode, batch=2"",""model"":""meta-llama/Llama-3.1-8B"",""phase"":""decode""}","FlashInfer-Trace, Llama-3.1-8B, top-k decode, batch=2",True
top_k_per_row_decode,llama31_8b_topk_decode_b4,0.0148,2.4191,"{""vocab_size"":128256,""num_experts"":8,""k"":4,""dtype"":""bf16"",""num_tokens"":4,""source"":""FlashInfer-Trace, Llama-3.1-8B, top-k decode, batch=4"",""model"":""meta-llama/Llama-3.1-8B"",""phase"":""decode""}","FlashInfer-Trace, Llama-3.1-8B, top-k decode, batch=4",True
top_k_per_row_decode,llama31_8b_topk_decode_b8,0.0157,2.4191,"{""vocab_size"":128256,""num_experts"":8,""k"":4,""dtype"":""bf16"",""num_tokens"":8,""source"":""FlashInfer-Trace, Llama-3.1-8B, top-k decode, batch=8"",""model"":""meta-llama/Llama-3.1-8B"",""phase"":""decode""}","FlashInfer-Trace, Llama-3.1-8B, top-k decode, batch=8",True
top_k_per_row_decode,llama31_8b_topk_decode_b16,0.0155,2.4191,"{""vocab_size"":128256,""num_experts"":8,""k"":4,""dtype"":""bf16"",""num_tokens"":16,""source"":""FlashInfer-Trace, Llama-3.1-8B, top-k decode, batch=16"",""model"":""meta-llama/Llama-3.1-8B"",""phase"":""decode""}","FlashInfer-Trace, Llama-3.1-8B, top-k decode, batch=16",True
top_k_per_row_decode,llama31_8b_topk_decode_b32,0.0152,2.4191,"{""vocab_size"":128256,""num_experts"":8,""k"":4,""dtype"":""bf16"",""num_tokens"":32,""source"":""FlashInfer-Trace, Llama-3.1-8B, top-k decode, batch=32"",""model"":""meta-llama/Llama-3.1-8B"",""phase"":""decode""}","FlashInfer-Trace, Llama-3.1-8B, top-k decode, batch=32",True
top_k_per_row_decode,llama31_8b_topk_decode_b48,0.0155,2.4188,"{""vocab_size"":128256,""num_experts"":8,""k"":4,""dtype"":""bf16"",""num_tokens"":48,""source"":""FlashInfer-Trace, Llama-3.1-8B, top-k decode, batch=48"",""model"":""meta-llama/Llama-3.1-8B"",""phase"":""decode""}","FlashInfer-Trace, Llama-3.1-8B, top-k decode, batch=48",True
top_k_per_row_decode,llama31_8b_topk_decode_b64,0.0155,2.4191,"{""vocab_size"":128256,""num_experts"":8,""k"":4,""dtype"":""bf16"",""num_tokens"":64,""source"":""FlashInfer-Trace, Llama-3.1-8B, top-k decode, batch=64"",""model"":""meta-llama/Llama-3.1-8B"",""phase"":""decode""}","FlashInfer-Trace, Llama-3.1-8B, top-k decode, batch=64",True
top_k_per_row_prefill,llama31_8b_topk_decode_b1,0.014,2.4165,"{""vocab_size"":128256,""num_experts"":8,""k"":4,""dtype"":""bf16"",""num_tokens"":1,""source"":""FlashInfer-Trace, Llama-3.1-8B, top-k sampling, batch=1"",""model"":""meta-llama/Llama-3.1-8B"",""phase"":""decode""}","FlashInfer-Trace, Llama-3.1-8B, top-k sampling, batch=1",True
top_k_per_row_prefill,llama31_8b_topk_decode_b2,0.0138,2.3974,"{""vocab_size"":128256,""num_experts"":8,""k"":4,""dtype"":""bf16"",""num_tokens"":2,""source"":""FlashInfer-Trace, Llama-3.1-8B, top-k sampling, batch=2"",""model"":""meta-llama/Llama-3.1-8B"",""phase"":""decode""}","FlashInfer-Trace, Llama-3.1-8B, top-k sampling, batch=2",True
top_k_per_row_prefill,llama31_8b_topk_decode_b4,0.0145,2.4191,"{""vocab_size"":128256,""num_experts"":8,""k"":4,""dtype"":""bf16"",""num_tokens"":4,""source"":""FlashInfer-Trace, Llama-3.1-8B, top-k sampling, batch=4"",""model"":""meta-llama/Llama-3.1-8B"",""phase"":""decode""}","FlashInfer-Trace, Llama-3.1-8B, top-k sampling, batch=4",True
top_k_per_row_prefill,llama31_8b_topk_decode_b8,0.0146,2.4192,"{""vocab_size"":128256,""num_experts"":8,""k"":4,""dtype"":""bf16"",""num_tokens"":8,""source"":""FlashInfer-Trace, Llama-3.1-8B, top-k sampling, batch=8"",""model"":""meta-llama/Llama-3.1-8B"",""phase"":""decode""}","FlashInfer-Trace, Llama-3.1-8B, top-k sampling, batch=8",True
top_k_per_row_prefill,llama31_8b_topk_decode_b16,0.015,2.4192,"{""vocab_size"":128256,""num_experts"":8,""k"":4,""dtype"":""bf16"",""num_tokens"":16,""source"":""FlashInfer-Trace, Llama-3.1-8B, top-k sampling, batch=16"",""model"":""meta-llama/Llama-3.1-8B"",""phase"":""decode""}","FlashInfer-Trace, Llama-3.1-8B, top-k sampling, batch=16",True
top_k_per_row_prefill,llama31_8b_topk_decode_b32,0.0152,2.4192,"{""vocab_size"":128256,""num_experts"":8,""k"":4,""dtype"":""bf16"",""num_tokens"":32,""source"":""FlashInfer-Trace, Llama-3.1-8B, top-k sampling, batch=32"",""model"":""meta-llama/Llama-3.1-8B"",""phase"":""decode""}","FlashInfer-Trace, Llama-3.1-8B, top-k sampling, batch=32",True
top_k_per_row_prefill,llama31_8b_topk_prefill_b64,0.0154,2.4189,"{""vocab_size"":128256,""num_experts"":8,""k"":4,""dtype"":""bf16"",""num_tokens"":64,""source"":""FlashInfer-Trace, Llama-3.1-8B, top-k sampling, batch=64"",""model"":""meta-llama/Llama-3.1-8B"",""phase"":""prefill""}","FlashInfer-Trace, Llama-3.1-8B, top-k sampling, batch=64",True
top_k_per_row_prefill,llama31_8b_topk_prefill_b128,0.0154,2.4186,"{""vocab_size"":128256,""num_experts"":8,""k"":4,""dtype"":""bf16"",""num_tokens"":128,""source"":""FlashInfer-Trace, Llama-3.1-8B, top-k sampling, batch=128"",""model"":""meta-llama/Llama-3.1-8B"",""phase"":""prefill""}","FlashInfer-Trace, Llama-3.1-8B, top-k sampling, batch=128",True
top_k_per_row_prefill,llama31_8b_topk_prefill_b256,0.0157,2.4192,"{""vocab_size"":128256,""num_experts"":8,""k"":4,""dtype"":""bf16"",""num_tokens"":256,""source"":""FlashInfer-Trace, Llama-3.1-8B, top-k sampling, batch=256"",""model"":""meta-llama/Llama-3.1-8B"",""phase"":""prefill""}","FlashInfer-Trace, Llama-3.1-8B, top-k sampling, batch=256",True
top_k_per_row_prefill,llama31_8b_topk_prefill_b512,0.0162,2.419,"{""vocab_size"":128256,""num_experts"":8,""k"":4,""dtype"":""bf16"",""num_tokens"":512,""source"":""FlashInfer-Trace, Llama-3.1-8B, top-k sampling, batch=512"",""model"":""meta-llama/Llama-3.1-8B"",""phase"":""prefill""}","FlashInfer-Trace, Llama-3.1-8B, top-k sampling, batch=512",True
top_k_per_row_prefill,llama31_8b_topk_prefill_b1024,0.0168,2.4192,"{""vocab_size"":128256,""num_experts"":8,""k"":4,""dtype"":""bf16"",""num_tokens"":1024,""source"":""FlashInfer-Trace, Llama-3.1-8B, top-k sampling, batch=1024"",""model"":""meta-llama/Llama-3.1-8B"",""phase"":""prefill""}","FlashInfer-Trace, Llama-3.1-8B, top-k sampling, batch=1024",True
top_k_per_row_prefill,llama31_8b_topk_prefill_b2048,0.0191,2.419,"{""vocab_size"":128256,""num_experts"":8,""k"":4,""dtype"":""bf16"",""num_tokens"":2048,""source"":""FlashInfer-Trace, Llama-3.1-8B, top-k sampling, batch=2048"",""model"":""meta-llama/Llama-3.1-8B"",""phase"":""prefill""}","FlashInfer-Trace, Llama-3.1-8B, top-k sampling, batch=2048",True
top_k_per_row_prefill,llama31_8b_topk_prefill_b4096,0.0254,2.4186,"{""vocab_size"":128256,""num_experts"":8,""k"":4,""dtype"":""bf16"",""num_tokens"":4096,""source"":""FlashInfer-Trace, Llama-3.1-8B, top-k sampling, batch=4096"",""model"":""meta-llama/Llama-3.1-8B"",""phase"":""prefill""}","FlashInfer-Trace, Llama-3.1-8B, top-k sampling, batch=4096",True
top_k_per_row_prefill,llama31_8b_topk_prefill_b8192,0.0409,2.4192,"{""vocab_size"":128256,""num_experts"":8,""k"":4,""dtype"":""bf16"",""num_tokens"":8192,""source"":""FlashInfer-Trace, Llama-3.1-8B, top-k sampling, batch=8192"",""model"":""meta-llama/Llama-3.1-8B"",""phase"":""prefill""}","FlashInfer-Trace, Llama-3.1-8B, top-k sampling, batch=8192",True
topk_selector,llama31_8b_topp_decode_b1,0.034,0.0311,"{""vocab_size"":128256,""p"":0.9,""dtype"":""bf16"",""num_experts"":8,""hidden_size"":4096,""k"":8,""num_tokens"":1,""source"":""FlashInfer-Trace, Llama-3.1-8B, top-p sampling, batch=1"",""model"":""meta-llama/Llama-3.1-8B"",""phase"":""decode""}","FlashInfer-Trace, Llama-3.1-8B, top-p sampling, batch=1",True
topk_selector,llama31_8b_topp_decode_b2,0.0355,0.0317,"{""vocab_size"":128256,""p"":0.9,""dtype"":""bf16"",""num_experts"":8,""hidden_size"":4096,""k"":8,""num_tokens"":2,""source"":""FlashInfer-Trace, Llama-3.1-8B, top-p sampling, batch=2"",""model"":""meta-llama/Llama-3.1-8B"",""phase"":""decode""}","FlashInfer-Trace, Llama-3.1-8B, top-p sampling, batch=2",True
topk_selector,llama31_8b_topp_decode_b4,0.0342,0.0322,"{""vocab_size"":128256,""p"":0.9,""dtype"":""bf16"",""num_experts"":8,""hidden_size"":4096,""k"":8,""num_tokens"":4,""source"":""FlashInfer-Trace, Llama-3.1-8B, top-p sampling, batch=4"",""model"":""meta-llama/Llama-3.1-8B"",""phase"":""decode""}","FlashInfer-Trace, Llama-3.1-8B, top-p sampling, batch=4",True
topk_selector,llama31_8b_topp_decode_b8,0.0341,0.0336,"{""vocab_size"":128256,""p"":0.9,""dtype"":""bf16"",""num_experts"":8,""hidden_size"":4096,""k"":8,""num_tokens"":8,""source"":""FlashInfer-Trace, Llama-3.1-8B, top-p sampling, batch=8"",""model"":""meta-llama/Llama-3.1-8B"",""phase"":""decode""}","FlashInfer-Trace, Llama-3.1-8B, top-p sampling, batch=8",True
topk_selector,llama31_8b_topp_decode_b16,0.0342,0.0339,"{""vocab_size"":128256,""p"":0.9,""dtype"":""bf16"",""num_experts"":8,""hidden_size"":4096,""k"":8,""num_tokens"":16,""source"":""FlashInfer-Trace, Llama-3.1-8B, top-p sampling, batch=16"",""model"":""meta-llama/Llama-3.1-8B"",""phase"":""decode""}","FlashInfer-Trace, Llama-3.1-8B, top-p sampling, batch=16",True
topk_selector,llama31_8b_topp_decode_b32,0.035,0.037,"{""vocab_size"":128256,""p"":0.9,""dtype"":""bf16"",""num_experts"":8,""hidden_size"":4096,""k"":8,""num_tokens"":32,""source"":""FlashInfer-Trace, Llama-3.1-8B, top-p sampling, batch=32"",""model"":""meta-llama/Llama-3.1-8B"",""phase"":""decode""}","FlashInfer-Trace, Llama-3.1-8B, top-p sampling, batch=32",True
topk_selector,llama31_8b_topp_prefill_b64,0.0395,0.0423,"{""vocab_size"":128256,""p"":0.9,""dtype"":""bf16"",""num_experts"":8,""hidden_size"":4096,""k"":8,""num_tokens"":64,""source"":""FlashInfer-Trace, Llama-3.1-8B, top-p sampling, batch=64"",""model"":""meta-llama/Llama-3.1-8B"",""phase"":""prefill""}","FlashInfer-Trace, Llama-3.1-8B, top-p sampling, batch=64",True
topk_selector,llama31_8b_topp_prefill_b128,0.0485,0.0513,"{""vocab_size"":128256,""p"":0.9,""dtype"":""bf16"",""num_experts"":8,""hidden_size"":4096,""k"":8,""num_tokens"":128,""source"":""FlashInfer-Trace, Llama-3.1-8B, top-p sampling, batch=128"",""model"":""meta-llama/Llama-3.1-8B"",""phase"":""prefill""}","FlashInfer-Trace, Llama-3.1-8B, top-p sampling, batch=128",True
topk_selector,llama31_8b_topp_prefill_b256,0.0698,0.0726,"{""vocab_size"":128256,""p"":0.9,""dtype"":""bf16"",""num_experts"":8,""hidden_size"":4096,""k"":8,""num_tokens"":256,""source"":""FlashInfer-Trace, Llama-3.1-8B, top-p sampling, batch=256"",""model"":""meta-llama/Llama-3.1-8B"",""phase"":""prefill""}","FlashInfer-Trace, Llama-3.1-8B, top-p sampling, batch=256",True
topk_selector,llama31_8b_topp_prefill_b512,0.1162,0.1186,"{""vocab_size"":128256,""p"":0.9,""dtype"":""bf16"",""num_experts"":8,""hidden_size"":4096,""k"":8,""num_tokens"":512,""source"":""FlashInfer-Trace, Llama-3.1-8B, top-p sampling, batch=512"",""model"":""meta-llama/Llama-3.1-8B"",""phase"":""prefill""}","FlashInfer-Trace, Llama-3.1-8B, top-p sampling, batch=512",True
topk_selector,llama31_8b_topp_prefill_b1024,0.2009,0.2044,"{""vocab_size"":128256,""p"":0.9,""dtype"":""bf16"",""num_experts"":8,""hidden_size"":4096,""k"":8,""num_tokens"":1024,""source"":""FlashInfer-Trace, Llama-3.1-8B, top-p sampling, batch=1024"",""model"":""meta-llama/Llama-3.1-8B"",""phase"":""prefill""}","FlashInfer-Trace, Llama-3.1-8B, top-p sampling, batch=1024",True
topk_selector,llama31_8b_topp_prefill_b2048,0.3726,0.3758,"{""vocab_size"":128256,""p"":0.9,""dtype"":""bf16"",""num_experts"":8,""hidden_size"":4096,""k"":8,""num_tokens"":2048,""source"":""FlashInfer-Trace, Llama-3.1-8B, top-p sampling, batch=2048"",""model"":""meta-llama/Llama-3.1-8B"",""phase"":""prefill""}","FlashInfer-Trace, Llama-3.1-8B, top-p sampling, batch=2048",True
topk_softplus_sqrt,deepseek_v3_router_prefill,0.0542,2.4179,"{""num_tokens"":2048,""num_experts"":160,""k"":8,""dtype"":""bf16""}",,True
topk_softplus_sqrt,deepseek_v3_router_decode,0.0254,2.4191,"{""num_tokens"":1,""num_experts"":160,""k"":8,""dtype"":""bf16""}",,True
topk_softplus_sqrt,deepseek_v3_router_batch128,0.0284,2.4191,"{""num_tokens"":128,""num_experts"":160,""k"":8,""dtype"":""bf16""}",,True
topk_softplus_sqrt,moe_64experts_prefill,0.0377,2.4191,"{""num_tokens"":2048,""num_experts"":64,""k"":8,""dtype"":""bf16""}",,True
topk_softplus_sqrt,moe_64experts_decode,0.0244,2.4191,"{""num_tokens"":1,""num_experts"":64,""k"":8,""dtype"":""bf16""}",,True
