platform,backend,timestamp,operator,scenario,phase,M,N,K,num_tokens,hidden_size,eps,dtype,source,device_time_mean_ms,device_time_median_ms,device_time_min_ms,device_time_max_ms,device_time_p99_ms,device_time_std_ms,wall_time_mean_ms,accuracy_passed,error
NVIDIA NVIDIA H20,nvidia,2026-08-11T12:30:41,add_rmsnorm_bias,deepseek_v3_add_rmsnorm_decode_bs1,decode,1,,,,7168,1e-06,bf16,"DeepSeek-V3, Add+RMSNorm, decode, batch=1",0.0146,0.0146,0.0143,0.0151,0.0151,0.0001,2.4182,True,
NVIDIA NVIDIA H20,nvidia,2026-08-11T12:30:41,add_rmsnorm_bias,deepseek_v3_add_rmsnorm_decode_bs2,decode,2,,,,7168,1e-06,bf16,"DeepSeek-V3, Add+RMSNorm, decode, batch=2",0.0164,0.0164,0.0162,0.0168,0.0168,0.0001,2.4192,True,
NVIDIA NVIDIA H20,nvidia,2026-08-11T12:30:41,add_rmsnorm_bias,deepseek_v3_add_rmsnorm_decode_bs4,decode,4,,,,7168,1e-06,bf16,"DeepSeek-V3, Add+RMSNorm, decode, batch=4",0.0163,0.0163,0.016,0.0166,0.0166,0.0001,2.4191,True,
NVIDIA NVIDIA H20,nvidia,2026-08-11T12:30:41,add_rmsnorm_bias,deepseek_v3_add_rmsnorm_decode_bs8,decode,8,,,,7168,1e-06,bf16,"DeepSeek-V3, Add+RMSNorm, decode, batch=8",0.0165,0.0165,0.0162,0.0168,0.0168,0.0002,2.4192,True,
NVIDIA NVIDIA H20,nvidia,2026-08-11T12:30:41,add_rmsnorm_bias,deepseek_v3_add_rmsnorm_decode_bs16,decode,16,,,,7168,1e-06,bf16,"DeepSeek-V3, Add+RMSNorm, decode, batch=16",0.0168,0.0167,0.0164,0.0171,0.0171,0.0001,2.4191,True,
NVIDIA NVIDIA H20,nvidia,2026-08-11T12:30:41,add_rmsnorm_bias,deepseek_v3_add_rmsnorm_decode_bs32,decode,32,,,,7168,1e-06,bf16,"DeepSeek-V3, Add+RMSNorm, decode, batch=32",0.017,0.017,0.0168,0.0173,0.0173,0.0001,2.4191,True,
NVIDIA NVIDIA H20,nvidia,2026-08-11T12:30:41,add_rmsnorm_bias,deepseek_v3_add_rmsnorm_prefill_s64,prefill,64,,,,7168,1e-06,bf16,"DeepSeek-V3, Add+RMSNorm, prefill, seq=64",0.0183,0.0183,0.0181,0.0186,0.0186,0.0001,2.419,True,
NVIDIA NVIDIA H20,nvidia,2026-08-11T12:30:41,add_rmsnorm_bias,deepseek_v3_add_rmsnorm_prefill_s128,prefill,128,,,,7168,1e-06,bf16,"DeepSeek-V3, Add+RMSNorm, prefill, seq=128",0.0206,0.0205,0.0204,0.021,0.021,0.0001,2.4191,True,
NVIDIA NVIDIA H20,nvidia,2026-08-11T12:30:41,add_rmsnorm_bias,deepseek_v3_add_rmsnorm_prefill_s256,prefill,256,,,,7168,1e-06,bf16,"DeepSeek-V3, Add+RMSNorm, prefill, seq=256",0.0246,0.0245,0.0242,0.0259,0.0259,0.0002,2.4188,True,
NVIDIA NVIDIA H20,nvidia,2026-08-11T12:30:41,add_rmsnorm_bias,deepseek_v3_add_rmsnorm_prefill_s512,prefill,512,,,,7168,1e-06,bf16,"DeepSeek-V3, Add+RMSNorm, prefill, seq=512",0.0367,0.0366,0.0349,0.0385,0.0385,0.0006,2.4191,True,
NVIDIA NVIDIA H20,nvidia,2026-08-11T12:30:41,add_rmsnorm_bias,deepseek_v3_add_rmsnorm_prefill_s1024,prefill,1024,,,,7168,1e-06,bf16,"DeepSeek-V3, Add+RMSNorm, prefill, seq=1024",0.0637,0.0636,0.0628,0.0651,0.0651,0.0005,2.4192,True,
NVIDIA NVIDIA H20,nvidia,2026-08-11T12:30:41,add_rmsnorm_bias,deepseek_v3_add_rmsnorm_prefill_s2048,prefill,2048,,,,7168,1e-06,bf16,"DeepSeek-V3, Add+RMSNorm, prefill, seq=2048",0.1236,0.1236,0.122,0.1261,0.1261,0.0007,2.4847,True,
NVIDIA NVIDIA H20,nvidia,2026-08-11T12:30:41,add_rmsnorm_bias,deepseek_v3_add_rmsnorm_prefill_s4096,prefill,4096,,,,7168,1e-06,bf16,"DeepSeek-V3, Add+RMSNorm, prefill, seq=4096",0.2403,0.2403,0.2385,0.2421,0.2421,0.0008,2.6151,True,
NVIDIA NVIDIA H20,nvidia,2026-08-11T12:30:41,add_rmsnorm_bias,deepseek_v3_add_rmsnorm_prefill_s8192,prefill,8192,,,,7168,1e-06,bf16,"DeepSeek-V3, Add+RMSNorm, prefill, seq=8192",0.4536,0.4536,0.4512,0.457,0.457,0.001,2.8124,True,
NVIDIA NVIDIA H20,nvidia,2026-08-11T12:35:58,bmm,llama31_8b_attn_qk_decode,decode,1,1024,128,,,,,"Llama-3.1-8B attention Q@K^T decode (seq=1, kv_len=1024)",0.0113,0.0113,0.0112,0.0116,0.0116,0.0001,2.3533,True,
NVIDIA NVIDIA H20,nvidia,2026-08-11T12:35:58,bmm,llama31_8b_attn_qk_prefill_128,prefill,128,128,128,,,,,Llama-3.1-8B attention Q@K^T prefill (seq=128),0.008,0.008,0.008,0.0083,0.0083,0.0,2.3544,True,
NVIDIA NVIDIA H20,nvidia,2026-08-11T12:35:58,bmm,llama31_8b_attn_qk_prefill_512,prefill,512,512,128,,,,,Llama-3.1-8B attention Q@K^T prefill (seq=512),0.0265,0.0265,0.0263,0.0267,0.0267,0.0001,2.4187,True,
NVIDIA NVIDIA H20,nvidia,2026-08-11T12:35:58,bmm,llama31_8b_attn_qk_prefill_1024,prefill,1024,1024,128,,,,,Llama-3.1-8B attention Q@K^T prefill (seq=1024),0.0813,0.0811,0.0805,0.0825,0.0825,0.0005,2.4848,True,
NVIDIA NVIDIA H20,nvidia,2026-08-11T12:35:58,bmm,llama31_8b_attn_av_decode,decode,1,128,1024,,,,,"Llama-3.1-8B attention Attn@V decode (seq=1, kv_len=1024)",0.008,0.0081,0.0078,0.0082,0.0082,0.0001,2.3537,True,
NVIDIA NVIDIA H20,nvidia,2026-08-11T12:35:58,bmm,llama31_8b_attn_av_prefill_512,prefill,512,128,512,,,,,Llama-3.1-8B attention Attn@V prefill (seq=512),0.0278,0.0277,0.0276,0.028,0.028,0.0001,2.4191,True,
NVIDIA NVIDIA H20,nvidia,2026-08-11T12:35:58,bmm,deepseek_v3_attn_qk_decode,decode,1,1024,128,,,,,"DeepSeek-V3 attention Q@K^T decode (128 heads, seq=1, kv_len=1024)",0.0227,0.0225,0.0222,0.0238,0.0238,0.0005,2.4192,True,
NVIDIA NVIDIA H20,nvidia,2026-08-11T12:35:58,bmm,deepseek_v3_attn_qk_prefill_512,prefill,512,512,128,,,,,"DeepSeek-V3 attention Q@K^T prefill (128 heads, seq=512)",0.0816,0.0815,0.0806,0.0828,0.0828,0.0005,2.4847,True,
NVIDIA NVIDIA H20,nvidia,2026-08-11T12:35:58,bmm,deepseek_v3_attn_qk_prefill_2048,prefill,2048,2048,128,,,,,"DeepSeek-V3 attention Q@K^T prefill (128 heads, seq=2048)",,,,,,,,,"CUDA out of memory. Tried to allocate 2.00 GiB. GPU 0 has a total capacity of 95.07 GiB of which 1.84 GiB is free. Including non-PyTorch memory, this process has 2.59 GiB memory in use. Of the allocated memory 2.16 GiB is allocated by PyTorch, and 0 bytes is reserved by PyTorch but unallocated. If reserved but unallocated memory is large try setting PYTORCH_CUDA_ALLOC_CONF=expandable_segments:True to avoid fragmentation.  See documentation for Memory Management  (https://docs.pytorch.org/docs/stable/notes/cuda.html#optimizing-memory-usage-with-pytorch-cuda-alloc-conf)"
NVIDIA NVIDIA H20,nvidia,2026-08-11T12:35:58,bmm,deepseek_v3_attn_av_decode,decode,1,128,1024,,,,,"DeepSeek-V3 attention Attn@V decode (128 heads, seq=1, kv_len=1024)",0.0116,0.0116,0.0114,0.0122,0.0122,0.0001,2.3544,True,
NVIDIA NVIDIA H20,nvidia,2026-08-11T12:35:58,bmm,deepseek_v3_attn_av_prefill_2048,prefill,2048,128,2048,,,,,"DeepSeek-V3 attention Attn@V prefill (128 heads, seq=2048)",1.1324,1.1323,1.1309,1.1345,1.1345,0.0008,3.5334,True,
NVIDIA NVIDIA H20,nvidia,2026-08-11T12:36:05,causal_conv1d_decode,mamba_2.8b_decode_single,,,,,,2560,,bf16,,0.0097,0.0097,0.0094,0.0101,0.0101,0.0001,2.3541,True,
NVIDIA NVIDIA H20,nvidia,2026-08-11T12:36:05,causal_conv1d_decode,mamba_2.8b_decode_batch8,,,,,,2560,,bf16,,0.0099,0.0099,0.0099,0.0101,0.0101,0.0,2.3541,True,
NVIDIA NVIDIA H20,nvidia,2026-08-11T12:36:05,causal_conv1d_decode,mamba_2.8b_decode_batch32,,,,,,2560,,bf16,,0.0127,0.0127,0.0125,0.0129,0.0129,0.0001,2.3766,True,
NVIDIA NVIDIA H20,nvidia,2026-08-11T12:36:05,causal_conv1d_decode,mamba_decode_kernel8,,,,,,2560,,bf16,,0.0105,0.0105,0.0103,0.0108,0.0108,0.0001,2.3542,True,
NVIDIA NVIDIA H20,nvidia,2026-08-11T12:36:15,causal_conv1d_prefill,mamba_conv1d_prefill_b1_s64,prefill,,,,,2560,,bf16,"Mamba-2.8B conv1d, prefill, batch=1, seq=64",0.0149,0.0149,0.0146,0.0152,0.0152,0.0002,2.4218,True,
NVIDIA NVIDIA H20,nvidia,2026-08-11T12:36:15,causal_conv1d_prefill,mamba_conv1d_prefill_b1_s128,prefill,,,,,2560,,bf16,"Mamba-2.8B conv1d, prefill, batch=1, seq=128",0.018,0.018,0.0177,0.0182,0.0182,0.0001,2.4192,True,
NVIDIA NVIDIA H20,nvidia,2026-08-11T12:36:15,causal_conv1d_prefill,mamba_conv1d_prefill_b1_s256,prefill,,,,,2560,,bf16,"Mamba-2.8B conv1d, prefill, batch=1, seq=256",0.0249,0.0249,0.0247,0.0252,0.0252,0.0001,2.4189,True,
NVIDIA NVIDIA H20,nvidia,2026-08-11T12:36:15,causal_conv1d_prefill,mamba_conv1d_prefill_b4_s512,prefill,,,,,2560,,bf16,"Mamba-2.8B conv1d, prefill, batch=4, seq=512",0.1214,0.1214,0.121,0.122,0.122,0.0002,2.4847,True,
NVIDIA NVIDIA H20,nvidia,2026-08-11T12:36:15,causal_conv1d_prefill,mamba_conv1d_prefill_b4_s1024,prefill,,,,,2560,,bf16,"Mamba-2.8B conv1d, prefill, batch=4, seq=1024",0.2441,0.2441,0.2431,0.2455,0.2455,0.0007,2.6157,True,
NVIDIA NVIDIA H20,nvidia,2026-08-11T12:36:15,causal_conv1d_prefill,mamba_conv1d_prefill_b1_s2048,prefill,,,,,2560,,bf16,"Mamba-2.8B conv1d, prefill, batch=1, seq=2048",0.1213,0.1212,0.1205,0.1231,0.1231,0.0005,2.4846,True,
NVIDIA NVIDIA H20,nvidia,2026-08-11T12:36:15,causal_conv1d_prefill,mamba_conv1d_prefill_b1_s4096,prefill,,,,,2560,,bf16,"Mamba-2.8B conv1d, prefill, batch=1, seq=4096",0.2438,0.2438,0.2427,0.2454,0.2454,0.0006,2.6154,True,
NVIDIA NVIDIA H20,nvidia,2026-08-11T12:36:15,causal_conv1d_prefill,mamba_conv1d_prefill_b8_s512,prefill,,,,,2560,,bf16,"Mamba-2.8B conv1d, prefill, batch=8, seq=512",0.2447,0.2448,0.2436,0.246,0.246,0.0006,2.6148,True,
NVIDIA NVIDIA H20,nvidia,2026-08-11T12:36:15,causal_conv1d_prefill,mamba_conv1d_prefill_b8_s1024,prefill,,,,,2560,,bf16,"Mamba-2.8B conv1d, prefill, batch=8, seq=1024",0.4863,0.4863,0.4851,0.4877,0.4877,0.0006,2.8776,True,
NVIDIA NVIDIA H20,nvidia,2026-08-11T12:32:42,flash_linear_attention,gla_decode_b1,decode,,,,,,,bf16,"GLA model decode, single token, fused_recurrent kernel",0.0085,0.0085,0.0084,0.0088,0.0088,0.0001,2.3526,True,
NVIDIA NVIDIA H20,nvidia,2026-08-11T12:32:42,flash_linear_attention,gla_decode_b4,decode,,,,,,,bf16,"GLA model decode, batch=4, fused_recurrent kernel",0.0088,0.0088,0.0086,0.0091,0.0091,0.0001,2.3529,True,
NVIDIA NVIDIA H20,nvidia,2026-08-11T12:32:42,flash_linear_attention,gla_decode_b8,decode,,,,,,,bf16,"GLA model decode, batch=8, fused_recurrent kernel",0.009,0.0091,0.0088,0.0094,0.0094,0.0001,2.3542,True,
NVIDIA NVIDIA H20,nvidia,2026-08-11T12:32:42,flash_linear_attention,gla_prefill_s128,prefill,,,,,,,bf16,"GLA model prefill, chunk kernel",0.0421,0.0421,0.0419,0.0426,0.0426,0.0002,2.4174,True,
NVIDIA NVIDIA H20,nvidia,2026-08-11T12:32:42,flash_linear_attention,gla_prefill_s512,prefill,,,,,,,bf16,"GLA model prefill, chunk kernel",0.056,0.056,0.0556,0.0563,0.0563,0.0002,2.4174,True,
NVIDIA NVIDIA H20,nvidia,2026-08-11T12:32:42,flash_linear_attention,gla_prefill_s1024,prefill,,,,,,,bf16,"GLA model prefill, chunk kernel",0.0889,0.0888,0.0885,0.0905,0.0905,0.0003,2.483,True,
NVIDIA NVIDIA H20,nvidia,2026-08-11T12:32:42,flash_linear_attention,gla_prefill_s2048,prefill,,,,,,,bf16,"GLA model prefill, chunk kernel, 2K context",0.1519,0.152,0.1503,0.1534,0.1534,0.0007,2.5485,True,
NVIDIA NVIDIA H20,nvidia,2026-08-11T12:32:42,flash_linear_attention,gla_prefill_s4096,prefill,,,,,,,bf16,"GLA model prefill, chunk kernel, 4K context",0.2706,0.2706,0.2693,0.2727,0.2727,0.0006,2.6703,True,
NVIDIA NVIDIA H20,nvidia,2026-08-11T12:32:42,flash_linear_attention,gla_prefill_s8192,prefill,,,,,,,bf16,"GLA model prefill, chunk kernel, 8K context",0.5177,0.5176,0.5157,0.5199,0.5199,0.0011,2.8761,True,
NVIDIA NVIDIA H20,nvidia,2026-08-11T12:32:30,flash_mla,deepseek_v3_mla_decode_b1_cache1k,decode,,,,,,,bf16,"FlashInfer-Trace, DeepSeek-V3 MLA decode, 1K cache",0.3126,0.3125,0.3115,0.3139,0.3139,0.0005,2.6796,True,
NVIDIA NVIDIA H20,nvidia,2026-08-11T12:32:30,flash_mla,deepseek_v3_mla_decode_b1_cache4k,decode,,,,,,,bf16,"FlashInfer-Trace, DeepSeek-V3 MLA decode, 4K cache",1.1626,1.1624,1.161,1.1643,1.1643,0.0009,3.5325,True,
NVIDIA NVIDIA H20,nvidia,2026-08-11T12:32:30,flash_mla,deepseek_v3_mla_decode_b4_cache1k,decode,,,,,,,bf16,"FlashInfer-Trace, DeepSeek-V3 MLA decode, batch=4",1.0904,1.0904,1.0887,1.0921,1.0921,0.0009,3.4649,True,
NVIDIA NVIDIA H20,nvidia,2026-08-11T12:32:30,flash_mla,deepseek_v3_mla_decode_b16_cache1k,decode,,,,,,,bf16,"FlashInfer-Trace, DeepSeek-V3 MLA decode, batch=16",9.114,9.1135,9.1089,9.1205,9.1205,0.0026,11.4623,True,
NVIDIA NVIDIA H20,nvidia,2026-08-11T12:32:30,flash_mla,deepseek_v3_mla_prefill_s128,prefill,,,,,,,bf16,"FlashInfer-Trace, DeepSeek-V3 MLA prefill short",0.0572,0.0572,0.0569,0.0592,0.0592,0.0003,2.4187,True,
NVIDIA NVIDIA H20,nvidia,2026-08-11T12:32:30,flash_mla,deepseek_v3_mla_prefill_s512,prefill,,,,,,,bf16,"FlashInfer-Trace, DeepSeek-V3 MLA prefill medium",0.2743,0.2741,0.2657,0.2812,0.2812,0.0032,2.6727,True,
NVIDIA NVIDIA H20,nvidia,2026-08-11T12:32:30,flash_mla,deepseek_v3_mla_prefill_s1024,prefill,,,,,,,bf16,"FlashInfer-Trace, DeepSeek-V3 MLA prefill 1K",0.7329,0.7318,0.714,0.7481,0.7481,0.008,3.12,True,
NVIDIA NVIDIA H20,nvidia,2026-08-11T12:32:30,flash_mla,deepseek_v3_mla_prefill_s2048,prefill,,,,,,,bf16,"FlashInfer-Trace, DeepSeek-V3 MLA prefill 2K",4.7408,4.7412,4.706,4.7763,4.7763,0.0146,7.1139,True,
NVIDIA NVIDIA H20,nvidia,2026-08-11T12:32:30,flash_mla,deepseek_v3_mla_prefill_s4096,prefill,,,,,,,bf16,"FlashInfer-Trace, DeepSeek-V3 MLA prefill 4K",15.2459,15.2418,15.1923,15.2991,15.2991,0.0254,17.6231,True,
NVIDIA NVIDIA H20,nvidia,2026-08-11T12:32:02,flashattention,qwen3_30b_gqa_decode_b1,decode,,,,,,,bf16,"Qwen3-30B-A3B, GQA decode, batch=1, cache=1K",0.0121,0.0121,0.0119,0.0123,0.0123,0.0001,2.3545,True,
NVIDIA NVIDIA H20,nvidia,2026-08-11T12:32:02,flashattention,qwen3_30b_gqa_decode_b4,decode,,,,,,,bf16,"Qwen3-30B-A3B, GQA decode, batch=4, cache=1K",0.0161,0.0161,0.0158,0.0172,0.0172,0.0002,2.4174,True,
NVIDIA NVIDIA H20,nvidia,2026-08-11T12:32:02,flashattention,qwen3_30b_gqa_decode_b8,decode,,,,,,,bf16,"Qwen3-30B-A3B, GQA decode, batch=8, cache=1K",0.0251,0.0251,0.0248,0.0253,0.0253,0.0001,2.4189,True,
NVIDIA NVIDIA H20,nvidia,2026-08-11T12:32:02,flashattention,qwen3_30b_gqa_decode_b16,decode,,,,,,,bf16,"Qwen3-30B-A3B, GQA decode, batch=16, cache=1K",0.0391,0.0391,0.0389,0.0394,0.0394,0.0001,2.4189,True,
NVIDIA NVIDIA H20,nvidia,2026-08-11T12:32:02,flashattention,qwen3_30b_gqa_prefill_s128,prefill,,,,,,,bf16,"Qwen3-30B-A3B, GQA prefill, seq=128",0.0182,0.0182,0.018,0.0186,0.0186,0.0001,2.4164,True,
NVIDIA NVIDIA H20,nvidia,2026-08-11T12:32:02,flashattention,qwen3_30b_gqa_prefill_s256,prefill,,,,,,,bf16,"Qwen3-30B-A3B, GQA prefill, seq=256",0.0268,0.0268,0.0267,0.027,0.027,0.0001,2.4191,True,
NVIDIA NVIDIA H20,nvidia,2026-08-11T12:32:02,flashattention,qwen3_30b_gqa_prefill_s512,prefill,,,,,,,bf16,"Qwen3-30B-A3B, GQA prefill, seq=512",0.0749,0.0749,0.0745,0.0754,0.0754,0.0002,2.4192,True,
NVIDIA NVIDIA H20,nvidia,2026-08-11T12:32:02,flashattention,qwen3_30b_gqa_prefill_s1024,prefill,,,,,,,bf16,"Qwen3-30B-A3B, GQA prefill, seq=1024",0.1954,0.1934,0.183,0.2094,0.2094,0.0075,2.5488,True,
NVIDIA NVIDIA H20,nvidia,2026-08-11T12:32:02,flashattention,qwen3_30b_gqa_prefill_s2048,prefill,,,,,,,bf16,"Qwen3-30B-A3B, GQA prefill, seq=2048",0.5873,0.587,0.5586,0.6232,0.6232,0.0147,2.9494,True,
NVIDIA NVIDIA H20,nvidia,2026-08-11T12:32:02,flashattention,qwen3_30b_gqa_prefill_s4096,prefill,,,,,,,bf16,"Qwen3-30B-A3B, GQA prefill, seq=4096",1.9912,1.9899,1.9527,2.0569,2.0569,0.0253,4.3611,True,
NVIDIA NVIDIA H20,nvidia,2026-08-11T12:32:02,flashattention,qwen3_30b_gqa_prefill_s8192,prefill,,,,,,,bf16,"Qwen3-30B-A3B, GQA prefill, seq=8192",14.7323,14.7319,14.5948,14.8508,14.8508,0.0638,17.1164,True,
NVIDIA NVIDIA H20,nvidia,2026-08-11T12:36:27,fp8_einsum,deepseek_v3_einsum_decode_b1,decode,1,1024,128,,,,bf16,"DeepSeek-V3 attention einsum, decode, batch=1",0.0226,0.0226,0.0223,0.0232,0.0232,0.0001,2.4219,True,
NVIDIA NVIDIA H20,nvidia,2026-08-11T12:36:27,fp8_einsum,deepseek_v3_einsum_decode_b4,decode,4,1024,128,,,,bf16,"DeepSeek-V3 attention einsum, decode, batch=4",0.0226,0.0226,0.0225,0.0229,0.0229,0.0001,2.4192,True,
NVIDIA NVIDIA H20,nvidia,2026-08-11T12:36:27,fp8_einsum,deepseek_v3_einsum_decode_b8,decode,8,1024,128,,,,bf16,"DeepSeek-V3 attention einsum, decode, batch=8",0.0138,0.0138,0.0135,0.0141,0.0141,0.0001,2.4074,True,
NVIDIA NVIDIA H20,nvidia,2026-08-11T12:36:27,fp8_einsum,deepseek_v3_einsum_prefill_s64,prefill,64,64,128,,,,bf16,"DeepSeek-V3 attention einsum, prefill, seq=64",0.0079,0.0079,0.0076,0.008,0.008,0.0001,2.3537,True,
NVIDIA NVIDIA H20,nvidia,2026-08-11T12:36:27,fp8_einsum,deepseek_v3_einsum_prefill_s128,prefill,128,128,128,,,,bf16,"DeepSeek-V3 attention einsum, prefill, seq=128",0.013,0.013,0.0124,0.0135,0.0135,0.0002,2.3544,True,
NVIDIA NVIDIA H20,nvidia,2026-08-11T12:36:27,fp8_einsum,deepseek_v3_einsum_prefill_s256,prefill,256,256,128,,,,bf16,"DeepSeek-V3 attention einsum, prefill, seq=256",0.0266,0.0266,0.0264,0.0268,0.0268,0.0001,2.4191,True,
NVIDIA NVIDIA H20,nvidia,2026-08-11T12:36:27,fp8_einsum,deepseek_v3_einsum_prefill_s512,prefill,512,512,128,,,,bf16,"DeepSeek-V3 attention einsum, prefill, seq=512",0.0469,0.0468,0.0463,0.0479,0.0479,0.0004,2.4187,True,
NVIDIA NVIDIA H20,nvidia,2026-08-11T12:36:27,fp8_einsum,deepseek_v3_einsum_prefill_s1024,prefill,1024,1024,128,,,,bf16,"DeepSeek-V3 attention einsum, prefill, seq=1024",0.0813,0.0812,0.0807,0.0833,0.0833,0.0005,2.4847,True,
NVIDIA NVIDIA H20,nvidia,2026-08-11T12:36:27,fp8_einsum,deepseek_v3_einsum_prefill_s2048,prefill,2048,2048,128,,,,bf16,"DeepSeek-V3 attention einsum, prefill, seq=2048",0.2772,0.2772,0.2762,0.2788,0.2788,0.0006,2.6813,True,
NVIDIA NVIDIA H20,nvidia,2026-08-11T12:38:29,fused_inv_rope_fp8_quant,deepseek_v3_inv_rope_decode_b1,decode,,,,1,,,bf16,"DeepSeek-V3 inverse RoPE + FP8, decode, batch=1",0.0385,0.0386,0.0379,0.0392,0.0392,0.0003,2.4171,True,
NVIDIA NVIDIA H20,nvidia,2026-08-11T12:38:29,fused_inv_rope_fp8_quant,deepseek_v3_inv_rope_decode_b4,decode,,,,4,,,bf16,"DeepSeek-V3 inverse RoPE + FP8, decode, batch=4",0.0406,0.0406,0.0401,0.0413,0.0413,0.0002,2.4188,True,
NVIDIA NVIDIA H20,nvidia,2026-08-11T12:38:29,fused_inv_rope_fp8_quant,llama31_8b_inv_rope_decode_b8,decode,,,,8,,,bf16,"Llama-3.1-8B inverse RoPE + FP8, decode, batch=8",0.0388,0.0387,0.0383,0.0396,0.0396,0.0003,2.4184,True,
NVIDIA NVIDIA H20,nvidia,2026-08-11T12:38:29,fused_inv_rope_fp8_quant,deepseek_v3_inv_rope_prefill_s64,prefill,,,,64,,,bf16,"DeepSeek-V3 inverse RoPE + FP8, prefill, seq=64",0.0671,0.0671,0.0666,0.0681,0.0681,0.0003,2.4187,True,
NVIDIA NVIDIA H20,nvidia,2026-08-11T12:38:29,fused_inv_rope_fp8_quant,deepseek_v3_inv_rope_prefill_s128,prefill,,,,128,,,bf16,"DeepSeek-V3 inverse RoPE + FP8, prefill, seq=128",0.1004,0.1004,0.0999,0.1012,0.1012,0.0003,2.4838,True,
NVIDIA NVIDIA H20,nvidia,2026-08-11T12:38:29,fused_inv_rope_fp8_quant,deepseek_v3_inv_rope_prefill_s256,prefill,,,,256,,,bf16,"DeepSeek-V3 inverse RoPE + FP8, prefill, seq=256",0.1699,0.1699,0.1682,0.1714,0.1714,0.0007,2.5496,True,
NVIDIA NVIDIA H20,nvidia,2026-08-11T12:38:29,fused_inv_rope_fp8_quant,llama31_8b_inv_rope_prefill_s512,prefill,,,,512,,,bf16,"Llama-3.1-8B inverse RoPE + FP8, prefill, seq=512",0.0508,0.0508,0.0501,0.0512,0.0512,0.0002,2.4187,True,
NVIDIA NVIDIA H20,nvidia,2026-08-11T12:38:29,fused_inv_rope_fp8_quant,deepseek_v3_inv_rope_prefill_s1024,prefill,,,,1024,,,bf16,"DeepSeek-V3 inverse RoPE + FP8, prefill, seq=1024",0.6374,0.6375,0.6348,0.6393,0.6393,0.001,3.0076,True,
NVIDIA NVIDIA H20,nvidia,2026-08-11T12:38:29,fused_inv_rope_fp8_quant,deepseek_v3_inv_rope_prefill_s2048,prefill,,,,2048,,,bf16,"DeepSeek-V3 inverse RoPE + FP8, prefill, seq=2048",1.2327,1.2328,1.2299,1.2348,1.2348,0.0011,3.5977,True,
NVIDIA NVIDIA H20,nvidia,2026-08-11T12:40:16,fused_marlin_moe,deepseek_v3_marlin_moe_decode_b1,decode,,,,1,2048,,bf16,"DeepSeek-V3 Marlin MoE, decode, batch=1",33.4368,33.4368,33.4353,33.4373,33.4373,0.0003,35.8405,True,
NVIDIA NVIDIA H20,nvidia,2026-08-11T12:40:16,fused_marlin_moe,deepseek_v3_marlin_moe_decode_b4,decode,,,,4,2048,,bf16,"DeepSeek-V3 Marlin MoE, decode, batch=4",62.5354,62.5354,62.5344,62.5358,62.5358,0.0002,64.9362,True,
NVIDIA NVIDIA H20,nvidia,2026-08-11T12:40:16,fused_marlin_moe,deepseek_v3_marlin_moe_decode_b8,decode,,,,8,2048,,bf16,"DeepSeek-V3 Marlin MoE, decode, batch=8",69.8671,69.8671,69.8663,69.8675,69.8675,0.0002,72.2131,True,
NVIDIA NVIDIA H20,nvidia,2026-08-11T12:40:16,fused_marlin_moe,deepseek_v3_marlin_moe_decode_b16,decode,,,,16,2048,,bf16,"DeepSeek-V3 Marlin MoE, decode, batch=16",77.0849,77.085,77.0842,77.0854,77.0854,0.0002,79.4866,True,
NVIDIA NVIDIA H20,nvidia,2026-08-11T12:40:16,fused_marlin_moe,deepseek_v3_marlin_moe_decode_b32,decode,,,,32,2048,,bf16,"DeepSeek-V3 Marlin MoE, decode, batch=32",77.0843,77.0842,77.083,77.0851,77.0851,0.0003,79.4869,True,
NVIDIA NVIDIA H20,nvidia,2026-08-11T12:40:16,fused_marlin_moe,deepseek_v3_marlin_moe_prefill_s64,prefill,,,,64,2048,,bf16,"DeepSeek-V3 Marlin MoE, prefill, seq=64",77.0847,77.0848,77.0842,77.085,77.085,0.0002,79.4875,True,
NVIDIA NVIDIA H20,nvidia,2026-08-11T12:40:16,fused_marlin_moe,deepseek_v3_marlin_moe_prefill_s128,prefill,,,,128,2048,,bf16,"DeepSeek-V3 Marlin MoE, prefill, seq=128",77.0851,77.0852,77.0843,77.0854,77.0854,0.0002,79.4874,True,
NVIDIA NVIDIA H20,nvidia,2026-08-11T12:40:16,fused_marlin_moe,deepseek_v3_marlin_moe_prefill_s256,prefill,,,,256,2048,,bf16,"DeepSeek-V3 Marlin MoE, prefill, seq=256",77.0854,77.0854,77.0847,77.0858,77.0858,0.0002,79.4875,True,
NVIDIA NVIDIA H20,nvidia,2026-08-11T12:40:16,fused_marlin_moe,deepseek_v3_marlin_moe_prefill_s512,prefill,,,,512,2048,,bf16,"DeepSeek-V3 Marlin MoE, prefill, seq=512",77.086,77.086,77.0857,77.0863,77.0863,0.0002,79.4874,True,
NVIDIA NVIDIA H20,nvidia,2026-08-11T12:40:16,fused_marlin_moe,deepseek_v3_marlin_moe_prefill_s1024,prefill,,,,1024,2048,,bf16,"DeepSeek-V3 Marlin MoE, prefill, seq=1024",77.0894,77.0894,77.0889,77.0898,77.0898,0.0002,79.4878,True,
NVIDIA NVIDIA H20,nvidia,2026-08-11T12:40:16,fused_marlin_moe,deepseek_v3_marlin_moe_prefill_s2048,prefill,,,,2048,2048,,bf16,"DeepSeek-V3 Marlin MoE, prefill, seq=2048",77.0921,77.0921,77.0912,77.0929,77.0929,0.0003,79.4868,True,
NVIDIA NVIDIA H20,nvidia,2026-08-11T12:40:16,fused_marlin_moe,deepseek_v3_marlin_moe_prefill_s4096,prefill,,,,4096,2048,,bf16,"DeepSeek-V3 Marlin MoE, prefill, seq=4096",77.1677,77.1678,77.1668,77.1682,77.1682,0.0003,79.5529,True,
NVIDIA NVIDIA H20,nvidia,2026-08-11T12:33:52,fused_moe,deepseek_v3_moe_decode_b1,decode,,,,1,2048,,bf16,"DeepSeek-V3, FP8 MoE, decode, batch=1",33.4373,33.4373,33.4363,33.4379,33.4379,0.0003,35.863,True,
NVIDIA NVIDIA H20,nvidia,2026-08-11T12:33:52,fused_moe,deepseek_v3_moe_decode_b4,decode,,,,4,2048,,bf16,"DeepSeek-V3, FP8 MoE, decode, batch=4",62.5358,62.5359,62.5349,62.5364,62.5364,0.0003,64.9376,True,
NVIDIA NVIDIA H20,nvidia,2026-08-11T12:33:52,fused_moe,deepseek_v3_moe_decode_b8,decode,,,,8,2048,,bf16,"DeepSeek-V3, FP8 MoE, decode, batch=8",77.0846,77.0847,77.0838,77.0852,77.0852,0.0003,79.4875,True,
NVIDIA NVIDIA H20,nvidia,2026-08-11T12:33:52,fused_moe,deepseek_v3_moe_decode_b16,decode,,,,16,2048,,bf16,"DeepSeek-V3, FP8 MoE, decode, batch=16",77.0852,77.0852,77.0848,77.0861,77.0861,0.0002,79.4855,True,
NVIDIA NVIDIA H20,nvidia,2026-08-11T12:33:52,fused_moe,deepseek_v3_moe_decode_b32,decode,,,,32,2048,,bf16,"DeepSeek-V3, FP8 MoE, decode, batch=32",77.0853,77.0853,77.0849,77.086,77.086,0.0002,79.4859,True,
NVIDIA NVIDIA H20,nvidia,2026-08-11T12:33:52,fused_moe,deepseek_v3_moe_prefill_s64,prefill,,,,64,2048,,bf16,"DeepSeek-V3, FP8 MoE, prefill, seq=64",77.0855,77.0855,77.0849,77.0864,77.0864,0.0003,79.4863,True,
NVIDIA NVIDIA H20,nvidia,2026-08-11T12:33:52,fused_moe,deepseek_v3_moe_prefill_s128,prefill,,,,128,2048,,bf16,"DeepSeek-V3, FP8 MoE, prefill, seq=128",77.0858,77.0858,77.085,77.0869,77.0869,0.0003,79.4874,True,
NVIDIA NVIDIA H20,nvidia,2026-08-11T12:33:52,fused_moe,deepseek_v3_moe_prefill_s256,prefill,,,,256,2048,,bf16,"DeepSeek-V3, FP8 MoE, prefill, seq=256",77.0863,77.0863,77.0852,77.0871,77.0871,0.0003,79.487,True,
NVIDIA NVIDIA H20,nvidia,2026-08-11T12:30:54,fused_q_kv_rmsnorm,deepseek_v3_qkv_rmsnorm_decode_bs1,decode,,,,1,,1e-06,bf16,"DeepSeek-V3, Q/KV RMSNorm, decode, batch=1",0.0106,0.0106,0.0105,0.0114,0.0114,0.0001,2.3532,True,
NVIDIA NVIDIA H20,nvidia,2026-08-11T12:30:54,fused_q_kv_rmsnorm,deepseek_v3_qkv_rmsnorm_decode_bs2,decode,,,,2,,1e-06,bf16,"DeepSeek-V3, Q/KV RMSNorm, decode, batch=2",0.0108,0.0108,0.0106,0.0111,0.0111,0.0001,2.3542,True,
NVIDIA NVIDIA H20,nvidia,2026-08-11T12:30:54,fused_q_kv_rmsnorm,deepseek_v3_qkv_rmsnorm_decode_bs4,decode,,,,4,,1e-06,bf16,"DeepSeek-V3, Q/KV RMSNorm, decode, batch=4",0.0107,0.0108,0.0106,0.0116,0.0116,0.0001,2.3542,True,
NVIDIA NVIDIA H20,nvidia,2026-08-11T12:30:54,fused_q_kv_rmsnorm,deepseek_v3_qkv_rmsnorm_decode_bs8,decode,,,,8,,1e-06,bf16,"DeepSeek-V3, Q/KV RMSNorm, decode, batch=8",0.0109,0.0109,0.0108,0.0113,0.0113,0.0001,2.3542,True,
NVIDIA NVIDIA H20,nvidia,2026-08-11T12:30:54,fused_q_kv_rmsnorm,deepseek_v3_qkv_rmsnorm_decode_bs16,decode,,,,16,,1e-06,bf16,"DeepSeek-V3, Q/KV RMSNorm, decode, batch=16",0.011,0.011,0.0108,0.0113,0.0113,0.0001,2.3542,True,
NVIDIA NVIDIA H20,nvidia,2026-08-11T12:30:54,fused_q_kv_rmsnorm,deepseek_v3_qkv_rmsnorm_decode_bs32,decode,,,,32,,1e-06,bf16,"DeepSeek-V3, Q/KV RMSNorm, decode, batch=32",0.0111,0.0111,0.0109,0.0113,0.0113,0.0001,2.3542,True,
NVIDIA NVIDIA H20,nvidia,2026-08-11T12:30:54,fused_q_kv_rmsnorm,deepseek_v3_qkv_rmsnorm_prefill_s64,prefill,,,,64,,1e-06,bf16,"DeepSeek-V3, Q/KV RMSNorm, prefill, seq=64",0.0112,0.0112,0.011,0.0115,0.0115,0.0001,2.3541,True,
NVIDIA NVIDIA H20,nvidia,2026-08-11T12:30:54,fused_q_kv_rmsnorm,deepseek_v3_qkv_rmsnorm_prefill_s128,prefill,,,,128,,1e-06,bf16,"DeepSeek-V3, Q/KV RMSNorm, prefill, seq=128",0.0114,0.0114,0.011,0.0116,0.0116,0.0001,2.3541,True,
NVIDIA NVIDIA H20,nvidia,2026-08-11T12:30:54,fused_q_kv_rmsnorm,deepseek_v3_qkv_rmsnorm_prefill_s256,prefill,,,,256,,1e-06,bf16,"DeepSeek-V3, Q/KV RMSNorm, prefill, seq=256",0.012,0.012,0.0117,0.0122,0.0122,0.0001,2.3542,True,
NVIDIA NVIDIA H20,nvidia,2026-08-11T12:30:54,fused_q_kv_rmsnorm,deepseek_v3_qkv_rmsnorm_prefill_s512,prefill,,,,512,,1e-06,bf16,"DeepSeek-V3, Q/KV RMSNorm, prefill, seq=512",0.0131,0.0131,0.0129,0.0134,0.0134,0.0001,2.3845,True,
NVIDIA NVIDIA H20,nvidia,2026-08-11T12:30:54,fused_q_kv_rmsnorm,deepseek_v3_qkv_rmsnorm_prefill_s1024,prefill,,,,1024,,1e-06,bf16,"DeepSeek-V3, Q/KV RMSNorm, prefill, seq=1024",0.0157,0.0157,0.0153,0.0161,0.0161,0.0001,2.4152,True,
NVIDIA NVIDIA H20,nvidia,2026-08-11T12:30:54,fused_q_kv_rmsnorm,deepseek_v3_qkv_rmsnorm_prefill_s2048,prefill,,,,2048,,1e-06,bf16,"DeepSeek-V3, Q/KV RMSNorm, prefill, seq=2048",0.0212,0.0212,0.021,0.0215,0.0215,0.0001,2.4177,True,
NVIDIA NVIDIA H20,nvidia,2026-08-11T12:30:54,fused_q_kv_rmsnorm,deepseek_v3_qkv_rmsnorm_prefill_s4096,prefill,,,,4096,,1e-06,bf16,"DeepSeek-V3, Q/KV RMSNorm, prefill, seq=4096",0.0358,0.0359,0.0349,0.037,0.037,0.0006,2.4148,True,
NVIDIA NVIDIA H20,nvidia,2026-08-11T12:30:54,fused_q_kv_rmsnorm,deepseek_v3_qkv_rmsnorm_prefill_s8192,prefill,,,,8192,,1e-06,bf16,"DeepSeek-V3, Q/KV RMSNorm, prefill, seq=8192",0.0658,0.0658,0.0646,0.0669,0.0669,0.0006,2.4188,True,
NVIDIA NVIDIA H20,nvidia,2026-08-11T12:36:36,gelu,ffn_intermediate_seq2048,,2048,18432,,,,,bf16,,0.0907,0.0907,0.0902,0.0916,0.0916,0.0002,2.4844,True,
NVIDIA NVIDIA H20,nvidia,2026-08-11T12:36:36,gelu,ffn_intermediate_seq4096,,4096,18432,,,,,bf16,,0.1754,0.1754,0.1742,0.1763,0.1763,0.0004,2.5502,True,
NVIDIA NVIDIA H20,nvidia,2026-08-11T12:36:36,gelu,ffn_intermediate_decode,,1,18432,,,,,bf16,,0.0053,0.0052,0.0052,0.0056,0.0056,0.0001,2.3537,True,
NVIDIA NVIDIA H20,nvidia,2026-08-11T12:36:36,gelu,ffn_intermediate_batch128,,128,18432,,,,,bf16,,0.0101,0.0101,0.0099,0.0102,0.0102,0.0001,2.3542,True,
NVIDIA NVIDIA H20,nvidia,2026-08-11T12:36:36,gelu,hidden_size_seq2048,,2048,7168,,,,,bf16,,0.0388,0.0388,0.0385,0.0393,0.0393,0.0001,2.419,True,
NVIDIA NVIDIA H20,nvidia,2026-08-11T12:40:27,gemm_w8a8,llama31_8b_w8a8_decode_b1,decode,1,4096,4096,,,,bf16,"Llama-3.1-8B W8A8 GEMM, decode, batch=1",0.0133,0.0132,0.0131,0.0145,0.0145,0.0002,2.3953,True,
NVIDIA NVIDIA H20,nvidia,2026-08-11T12:40:27,gemm_w8a8,llama31_8b_w8a8_decode_b4,decode,4,4096,4096,,,,bf16,"Llama-3.1-8B W8A8 GEMM, decode, batch=4",0.0127,0.0126,0.0124,0.0139,0.0139,0.0002,2.3871,True,
NVIDIA NVIDIA H20,nvidia,2026-08-11T12:40:27,gemm_w8a8,llama31_8b_w8a8_decode_b8,decode,8,4096,4096,,,,bf16,"Llama-3.1-8B W8A8 GEMM, decode, batch=8",0.0125,0.0124,0.0123,0.0137,0.0137,0.0002,2.3822,True,
NVIDIA NVIDIA H20,nvidia,2026-08-11T12:40:27,gemm_w8a8,llama31_8b_w8a8_prefill_s64,prefill,64,4096,4096,,,,bf16,"Llama-3.1-8B W8A8 GEMM, prefill, seq=64",0.0273,0.0272,0.0269,0.0282,0.0282,0.0001,2.4192,True,
NVIDIA NVIDIA H20,nvidia,2026-08-11T12:40:27,gemm_w8a8,llama31_8b_w8a8_prefill_s128,prefill,128,4096,4096,,,,bf16,"Llama-3.1-8B W8A8 GEMM, prefill, seq=128",0.0489,0.0489,0.0486,0.0504,0.0504,0.0002,2.4192,True,
NVIDIA NVIDIA H20,nvidia,2026-08-11T12:40:27,gemm_w8a8,llama31_8b_w8a8_prefill_s256,prefill,256,4096,4096,,,,bf16,"Llama-3.1-8B W8A8 GEMM, prefill, seq=256",0.0879,0.0879,0.0876,0.0891,0.0891,0.0002,2.4848,True,
NVIDIA NVIDIA H20,nvidia,2026-08-11T12:40:27,gemm_w8a8,llama31_8b_w8a8_prefill_s512,prefill,512,4096,4096,,,,bf16,"Llama-3.1-8B W8A8 GEMM, prefill, seq=512",0.1699,0.1699,0.1696,0.1706,0.1706,0.0002,2.5502,True,
NVIDIA NVIDIA H20,nvidia,2026-08-11T12:40:27,gemm_w8a8,llama31_8b_w8a8_prefill_s1024,prefill,1024,4096,4096,,,,bf16,"Llama-3.1-8B W8A8 GEMM, prefill, seq=1024",0.3123,0.3123,0.3118,0.3127,0.3127,0.0002,2.6813,True,
NVIDIA NVIDIA H20,nvidia,2026-08-11T12:40:27,gemm_w8a8,llama31_8b_w8a8_prefill_s2048,prefill,2048,4096,4096,,,,bf16,"Llama-3.1-8B W8A8 GEMM, prefill, seq=2048",0.5531,0.5531,0.5517,0.5546,0.5546,0.0005,2.9432,True,
NVIDIA NVIDIA H20,nvidia,2026-08-11T12:36:48,gemma_rms_norm,gemma_2_9b_rmsnorm_decode_bs1,decode,,,,1,2048,1e-06,bf16,"Gemma-2-9B, RMSNorm, decode, batch=1",0.0084,0.0084,0.0083,0.0097,0.0097,0.0002,2.3533,True,
NVIDIA NVIDIA H20,nvidia,2026-08-11T12:36:48,gemma_rms_norm,gemma_2_9b_rmsnorm_decode_bs2,decode,,,,2,2048,1e-06,bf16,"Gemma-2-9B, RMSNorm, decode, batch=2",0.0084,0.0084,0.0083,0.0086,0.0086,0.0001,2.3536,True,
NVIDIA NVIDIA H20,nvidia,2026-08-11T12:36:48,gemma_rms_norm,gemma_2_9b_rmsnorm_decode_bs4,decode,,,,4,2048,1e-06,bf16,"Gemma-2-9B, RMSNorm, decode, batch=4",0.0087,0.0087,0.0085,0.0089,0.0089,0.0001,2.3544,True,
NVIDIA NVIDIA H20,nvidia,2026-08-11T12:36:48,gemma_rms_norm,gemma_2_9b_rmsnorm_decode_bs8,decode,,,,8,2048,1e-06,bf16,"Gemma-2-9B, RMSNorm, decode, batch=8",0.0085,0.0085,0.0084,0.0086,0.0086,0.0001,2.3543,True,
NVIDIA NVIDIA H20,nvidia,2026-08-11T12:36:48,gemma_rms_norm,gemma_2_9b_rmsnorm_decode_bs16,decode,,,,16,2048,1e-06,bf16,"Gemma-2-9B, RMSNorm, decode, batch=16",0.0088,0.0088,0.0086,0.009,0.009,0.0001,2.3536,True,
NVIDIA NVIDIA H20,nvidia,2026-08-11T12:36:48,gemma_rms_norm,gemma_2_9b_rmsnorm_decode_bs32,decode,,,,32,2048,1e-06,bf16,"Gemma-2-9B, RMSNorm, decode, batch=32",0.0086,0.0086,0.0084,0.0088,0.0088,0.0001,2.3536,True,
NVIDIA NVIDIA H20,nvidia,2026-08-11T12:36:48,gemma_rms_norm,gemma_2_9b_rmsnorm_prefill_s64,prefill,,,,64,2048,1e-06,bf16,"Gemma-2-9B, RMSNorm, prefill, seq=64",0.0089,0.0089,0.0087,0.0092,0.0092,0.0001,2.3541,True,
NVIDIA NVIDIA H20,nvidia,2026-08-11T12:36:48,gemma_rms_norm,gemma_2_9b_rmsnorm_prefill_s128,prefill,,,,128,2048,1e-06,bf16,"Gemma-2-9B, RMSNorm, prefill, seq=128",0.0088,0.0088,0.0086,0.0091,0.0091,0.0001,2.3542,True,
NVIDIA NVIDIA H20,nvidia,2026-08-11T12:36:48,gemma_rms_norm,gemma_2_9b_rmsnorm_prefill_s256,prefill,,,,256,2048,1e-06,bf16,"Gemma-2-9B, RMSNorm, prefill, seq=256",0.009,0.009,0.0087,0.0092,0.0092,0.0001,2.3543,True,
NVIDIA NVIDIA H20,nvidia,2026-08-11T12:36:48,gemma_rms_norm,gemma_2_9b_rmsnorm_prefill_s512,prefill,,,,512,2048,1e-06,bf16,"Gemma-2-9B, RMSNorm, prefill, seq=512",0.0093,0.0093,0.0091,0.0095,0.0095,0.0001,2.3543,True,
NVIDIA NVIDIA H20,nvidia,2026-08-11T12:36:48,gemma_rms_norm,gemma_2_9b_rmsnorm_prefill_s1024,prefill,,,,1024,2048,1e-06,bf16,"Gemma-2-9B, RMSNorm, prefill, seq=1024",0.0107,0.0107,0.0105,0.0113,0.0113,0.0001,2.3543,True,
NVIDIA NVIDIA H20,nvidia,2026-08-11T12:36:48,gemma_rms_norm,gemma_2_9b_rmsnorm_prefill_s2048,prefill,,,,2048,2048,1e-06,bf16,"Gemma-2-9B, RMSNorm, prefill, seq=2048",0.0138,0.0138,0.0136,0.0142,0.0142,0.0001,2.3989,True,
NVIDIA NVIDIA H20,nvidia,2026-08-11T12:36:48,gemma_rms_norm,gemma_2_9b_rmsnorm_prefill_s4096,prefill,,,,4096,2048,1e-06,bf16,"Gemma-2-9B, RMSNorm, prefill, seq=4096",0.0197,0.0197,0.0193,0.0202,0.0202,0.0002,2.4191,True,
NVIDIA NVIDIA H20,nvidia,2026-08-11T12:36:48,gemma_rms_norm,gemma_2_9b_rmsnorm_prefill_s8192,prefill,,,,8192,2048,1e-06,bf16,"Gemma-2-9B, RMSNorm, prefill, seq=8192",0.0397,0.0398,0.0388,0.0412,0.0412,0.0005,2.4192,True,
NVIDIA NVIDIA H20,nvidia,2026-08-11T12:30:28,grouped_matmul,qwen3_30b_grouped_mm_decode_b1,decode,,,,1,4096,,bf16,"Qwen3-30B-A3B, Grouped matmul (GQA), decode, batch=1",0.0252,0.0251,0.0249,0.0255,0.0255,0.0001,2.4181,True,
NVIDIA NVIDIA H20,nvidia,2026-08-11T12:30:28,grouped_matmul,qwen3_30b_grouped_mm_decode_b4,decode,,,,4,4096,,bf16,"Qwen3-30B-A3B, Grouped matmul (GQA), decode, batch=4",0.0202,0.0202,0.0197,0.0206,0.0206,0.0002,2.4192,True,
NVIDIA NVIDIA H20,nvidia,2026-08-11T12:30:28,grouped_matmul,qwen3_30b_grouped_mm_decode_b8,decode,,,,8,4096,,bf16,"Qwen3-30B-A3B, Grouped matmul (GQA), decode, batch=8",0.036,0.0361,0.0352,0.0376,0.0376,0.0005,2.4191,True,
NVIDIA NVIDIA H20,nvidia,2026-08-11T12:30:28,grouped_matmul,qwen3_30b_grouped_mm_decode_b16,decode,,,,16,4096,,bf16,"Qwen3-30B-A3B, Grouped matmul (GQA), decode, batch=16",0.0642,0.0642,0.0631,0.0653,0.0653,0.0005,2.4192,True,
NVIDIA NVIDIA H20,nvidia,2026-08-11T12:30:28,grouped_matmul,qwen3_30b_grouped_mm_prefill_s128,prefill,,,,128,4096,,bf16,"Qwen3-30B-A3B, Grouped matmul (GQA), prefill, seq=128",0.4054,0.4052,0.4026,0.4087,0.4087,0.0013,2.8123,True,
NVIDIA NVIDIA H20,nvidia,2026-08-11T12:30:28,grouped_matmul,qwen3_30b_grouped_mm_prefill_s256,prefill,,,,256,4096,,bf16,"Qwen3-30B-A3B, Grouped matmul (GQA), prefill, seq=256",0.7427,0.7427,0.74,0.7456,0.7456,0.0013,3.1393,True,
NVIDIA NVIDIA H20,nvidia,2026-08-11T12:30:28,grouped_matmul,qwen3_30b_grouped_mm_prefill_s512,prefill,,,,512,4096,,bf16,"Qwen3-30B-A3B, Grouped matmul (GQA), prefill, seq=512",1.3956,1.3955,1.3911,1.402,1.402,0.0018,3.7954,True,
NVIDIA NVIDIA H20,nvidia,2026-08-11T12:30:28,grouped_matmul,qwen3_30b_grouped_mm_prefill_s1024,prefill,,,,1024,4096,,bf16,"Qwen3-30B-A3B, Grouped matmul (GQA), prefill, seq=1024",,,,,,,,,"CUDA out of memory. Tried to allocate 4.00 GiB. GPU 0 has a total capacity of 95.07 GiB of which 3.91 GiB is free. Including non-PyTorch memory, this process has 532.00 MiB memory in use. Of the allocated memory 72.01 MiB is allocated by PyTorch, and 13.99 MiB is reserved by PyTorch but unallocated. If reserved but unallocated memory is large try setting PYTORCH_CUDA_ALLOC_CONF=expandable_segments:True to avoid fragmentation.  See documentation for Memory Management  (https://docs.pytorch.org/docs/stable/notes/cuda.html#optimizing-memory-usage-with-pytorch-cuda-alloc-conf)"
NVIDIA NVIDIA H20,nvidia,2026-08-11T12:30:28,grouped_matmul,qwen3_30b_grouped_mm_prefill_s2048,prefill,,,,2048,4096,,bf16,"Qwen3-30B-A3B, Grouped matmul (GQA), prefill, seq=2048",,,,,,,,,"CUDA out of memory. Tried to allocate 8.00 GiB. GPU 0 has a total capacity of 95.07 GiB of which 3.91 GiB is free. Including non-PyTorch memory, this process has 532.00 MiB memory in use. Of the allocated memory 80.02 MiB is allocated by PyTorch, and 5.98 MiB is reserved by PyTorch but unallocated. If reserved but unallocated memory is large try setting PYTORCH_CUDA_ALLOC_CONF=expandable_segments:True to avoid fragmentation.  See documentation for Memory Management  (https://docs.pytorch.org/docs/stable/notes/cuda.html#optimizing-memory-usage-with-pytorch-cuda-alloc-conf)"
NVIDIA NVIDIA H20,nvidia,2026-08-11T12:30:28,grouped_matmul,qwen3_30b_grouped_mm_prefill_s4096,prefill,,,,4096,4096,,bf16,"Qwen3-30B-A3B, Grouped matmul (GQA), prefill, seq=4096",,,,,,,,,"CUDA out of memory. Tried to allocate 16.00 GiB. GPU 0 has a total capacity of 95.07 GiB of which 3.90 GiB is free. Including non-PyTorch memory, this process has 544.00 MiB memory in use. Of the allocated memory 96.03 MiB is allocated by PyTorch, and 1.97 MiB is reserved by PyTorch but unallocated. If reserved but unallocated memory is large try setting PYTORCH_CUDA_ALLOC_CONF=expandable_segments:True to avoid fragmentation.  See documentation for Memory Management  (https://docs.pytorch.org/docs/stable/notes/cuda.html#optimizing-memory-usage-with-pytorch-cuda-alloc-conf)"
NVIDIA NVIDIA H20,nvidia,2026-08-11T12:30:28,grouped_matmul,qwen3_30b_grouped_mm_prefill_s8192,prefill,,,,8192,4096,,bf16,"Qwen3-30B-A3B, Grouped matmul (GQA), prefill, seq=8192",,,,,,,,,"CUDA out of memory. Tried to allocate 32.00 GiB. GPU 0 has a total capacity of 95.07 GiB of which 3.87 GiB is free. Including non-PyTorch memory, this process has 576.00 MiB memory in use. Of the allocated memory 128.06 MiB is allocated by PyTorch, and 1.94 MiB is reserved by PyTorch but unallocated. If reserved but unallocated memory is large try setting PYTORCH_CUDA_ALLOC_CONF=expandable_segments:True to avoid fragmentation.  See documentation for Memory Management  (https://docs.pytorch.org/docs/stable/notes/cuda.html#optimizing-memory-usage-with-pytorch-cuda-alloc-conf)"
NVIDIA NVIDIA H20,nvidia,2026-08-11T12:38:18,kv_rms_norm_rope_cache,llama31_8b_kv_cache_decode_b1_c1024,decode,,,,1,,1e-6,bf16,"Llama-3.1-8B KV cache, decode, batch=1, cache=1024",,,,,,,,,"rms_norm(): argument 'eps' (position 4) must be float, not str"
NVIDIA NVIDIA H20,nvidia,2026-08-11T12:38:18,kv_rms_norm_rope_cache,llama31_8b_kv_cache_decode_b4_c2048,decode,,,,4,,1e-6,bf16,"Llama-3.1-8B KV cache, decode, batch=4, cache=2048",,,,,,,,,"rms_norm(): argument 'eps' (position 4) must be float, not str"
NVIDIA NVIDIA H20,nvidia,2026-08-11T12:38:18,kv_rms_norm_rope_cache,deepseek_v3_kv_cache_decode_b8_c1024,decode,,,,8,,1e-6,bf16,"DeepSeek-V3 KV cache, decode, batch=8, cache=1024",,,,,,,,,"rms_norm(): argument 'eps' (position 4) must be float, not str"
NVIDIA NVIDIA H20,nvidia,2026-08-11T12:38:18,kv_rms_norm_rope_cache,llama31_8b_kv_cache_prefill_s64_c128,prefill,,,,64,,1e-6,bf16,"Llama-3.1-8B KV cache, prefill, seq=64, cache=128",,,,,,,,,"rms_norm(): argument 'eps' (position 4) must be float, not str"
NVIDIA NVIDIA H20,nvidia,2026-08-11T12:38:18,kv_rms_norm_rope_cache,llama31_8b_kv_cache_prefill_s128_c512,prefill,,,,128,,1e-6,bf16,"Llama-3.1-8B KV cache, prefill, seq=128, cache=512",,,,,,,,,"rms_norm(): argument 'eps' (position 4) must be float, not str"
NVIDIA NVIDIA H20,nvidia,2026-08-11T12:38:18,kv_rms_norm_rope_cache,deepseek_v3_kv_cache_prefill_s256_c1024,prefill,,,,256,,1e-6,bf16,"DeepSeek-V3 KV cache, prefill, seq=256, cache=1024",,,,,,,,,"rms_norm(): argument 'eps' (position 4) must be float, not str"
NVIDIA NVIDIA H20,nvidia,2026-08-11T12:38:18,kv_rms_norm_rope_cache,llama31_8b_kv_cache_prefill_s512_c2048,prefill,,,,512,,1e-6,bf16,"Llama-3.1-8B KV cache, prefill, seq=512, cache=2048",,,,,,,,,"rms_norm(): argument 'eps' (position 4) must be float, not str"
NVIDIA NVIDIA H20,nvidia,2026-08-11T12:38:18,kv_rms_norm_rope_cache,deepseek_v3_kv_cache_prefill_s1024_c4096,prefill,,,,1024,,1e-6,bf16,"DeepSeek-V3 KV cache, prefill, seq=1024, cache=4096",,,,,,,,,"rms_norm(): argument 'eps' (position 4) must be float, not str"
NVIDIA NVIDIA H20,nvidia,2026-08-11T12:38:18,kv_rms_norm_rope_cache,llama31_8b_kv_cache_prefill_s2048_c4096,prefill,,,,2048,,1e-6,bf16,"Llama-3.1-8B KV cache, prefill, seq=2048, cache=4096",,,,,,,,,"rms_norm(): argument 'eps' (position 4) must be float, not str"
NVIDIA NVIDIA H20,nvidia,2026-08-11T12:36:57,layernorm,hidden_7168_seq2048,,2048,,,,7168,,bf16,,0.0473,0.0472,0.0466,0.0482,0.0482,0.0004,2.4181,True,
NVIDIA NVIDIA H20,nvidia,2026-08-11T12:36:57,layernorm,hidden_7168_seq4096,,4096,,,,7168,,bf16,,0.0816,0.0817,0.081,0.0825,0.0825,0.0003,2.4846,True,
NVIDIA NVIDIA H20,nvidia,2026-08-11T12:36:57,layernorm,hidden_7168_decode,,1,,,,7168,,bf16,,0.0136,0.0135,0.0135,0.0138,0.0138,0.0001,2.3877,True,
NVIDIA NVIDIA H20,nvidia,2026-08-11T12:36:57,layernorm,hidden_7168_batch128,,128,,,,7168,,bf16,,0.0145,0.0145,0.0142,0.0147,0.0147,0.0001,2.4189,True,
NVIDIA NVIDIA H20,nvidia,2026-08-11T12:36:57,layernorm,hidden_4096_seq2048,,2048,,,,4096,,bf16,,0.0289,0.0289,0.0286,0.0295,0.0295,0.0002,2.419,True,
NVIDIA NVIDIA H20,nvidia,2026-08-11T12:36:57,layernorm,hidden_7168_fp16,,2048,,,,7168,,fp16,,0.0474,0.0474,0.0468,0.0485,0.0485,0.0004,2.4189,True,
NVIDIA NVIDIA H20,nvidia,2026-08-11T12:37:12,mm,qwen3_30b_moe_gate_decode,decode,1,128,2048,,,,,flashinfer-trace/gemm_n128_k2048 (Qwen3-30B-A3B moe.gate),0.0089,0.0089,0.0087,0.0091,0.0091,0.0001,2.3533,True,
NVIDIA NVIDIA H20,nvidia,2026-08-11T12:37:12,mm,qwen3_30b_moe_gate_prefill,prefill,256,128,2048,,,,,flashinfer-trace/gemm_n128_k2048 (Qwen3-30B-A3B moe.gate),0.0092,0.0093,0.0091,0.0094,0.0094,0.0001,2.3543,True,
NVIDIA NVIDIA H20,nvidia,2026-08-11T12:37:12,mm,llama31_8b_o_proj_decode,decode,1,4096,4096,,,,,flashinfer-trace/gemm_n4096_k4096 (Llama-3.1-8B attn.o_proj),0.0132,0.0131,0.013,0.0134,0.0134,0.0001,2.3877,True,
NVIDIA NVIDIA H20,nvidia,2026-08-11T12:37:12,mm,llama31_8b_o_proj_prefill_256,prefill,256,4096,4096,,,,,flashinfer-trace/gemm_n4096_k4096 (Llama-3.1-8B attn.o_proj),0.088,0.0879,0.0876,0.0884,0.0884,0.0001,2.4845,True,
NVIDIA NVIDIA H20,nvidia,2026-08-11T12:37:12,mm,llama31_8b_o_proj_prefill_1024,prefill,1024,4096,4096,,,,,flashinfer-trace/gemm_n4096_k4096 (Llama-3.1-8B attn.o_proj),0.3113,0.311,0.3104,0.3125,0.3125,0.0006,2.6814,True,
NVIDIA NVIDIA H20,nvidia,2026-08-11T12:37:12,mm,llama31_8b_ffn_down_decode,decode,1,4096,14336,,,,,flashinfer-trace/gemm_n4096_k14336 (Llama-3.1-8B ffn.down_proj),0.0442,0.0443,0.0429,0.0458,0.0458,0.0007,2.4191,True,
NVIDIA NVIDIA H20,nvidia,2026-08-11T12:37:12,mm,llama31_8b_ffn_down_prefill_256,prefill,256,4096,14336,,,,,flashinfer-trace/gemm_n4096_k14336 (Llama-3.1-8B ffn.down_proj),0.2547,0.2547,0.2532,0.2565,0.2565,0.0008,2.6159,True,
NVIDIA NVIDIA H20,nvidia,2026-08-11T12:37:12,mm,llama31_8b_ffn_down_prefill_1024,prefill,1024,4096,14336,,,,,flashinfer-trace/gemm_n4096_k14336 (Llama-3.1-8B ffn.down_proj),1.0649,1.0648,1.0633,1.0678,1.0678,0.0009,3.4676,True,
NVIDIA NVIDIA H20,nvidia,2026-08-11T12:37:12,mm,llama31_8b_ffn_up_decode,decode,1,28672,4096,,,,,flashinfer-trace/gemm_n28672_k4096 (Llama-3.1-8B ffn.up_proj),0.0708,0.0708,0.0695,0.0726,0.0726,0.0007,2.4233,True,
NVIDIA NVIDIA H20,nvidia,2026-08-11T12:37:12,mm,llama31_8b_ffn_up_prefill_256,prefill,256,28672,4096,,,,,flashinfer-trace/gemm_n28672_k4096 (Llama-3.1-8B ffn.up_proj),0.4939,0.4938,0.4928,0.4956,0.4956,0.0006,2.8779,True,
NVIDIA NVIDIA H20,nvidia,2026-08-11T12:37:12,mm,llama31_8b_ffn_up_prefill_1024,prefill,1024,28672,4096,,,,,flashinfer-trace/gemm_n28672_k4096 (Llama-3.1-8B ffn.up_proj),1.9351,1.935,1.9328,1.9386,1.9386,0.0012,4.3189,True,
NVIDIA NVIDIA H20,nvidia,2026-08-11T12:37:12,mm,deepseek_v3_small_gemm_decode,decode,1,256,7168,,,,,flashinfer-trace/gemm_n256_k7168 (DeepSeek-V3),0.0099,0.0098,0.0098,0.01,0.01,0.0001,2.3543,True,
NVIDIA NVIDIA H20,nvidia,2026-08-11T12:37:12,mm,deepseek_v3_small_gemm_prefill,prefill,256,256,7168,,,,,flashinfer-trace/gemm_n256_k7168 (DeepSeek-V3),0.0172,0.0172,0.0171,0.0174,0.0174,0.0001,2.4191,True,
NVIDIA NVIDIA H20,nvidia,2026-08-11T12:37:19,moe_align_block_size,mixtral_moe_align_decode_b1,decode,,,,1,,,bf16,"Mixtral MoE token align, decode, batch=1",0.0073,0.0073,0.0071,0.0077,0.0077,0.0001,2.3526,True,
NVIDIA NVIDIA H20,nvidia,2026-08-11T12:37:19,moe_align_block_size,mixtral_moe_align_decode_b4,decode,,,,4,,,bf16,"Mixtral MoE token align, decode, batch=4",0.0069,0.0069,0.0067,0.007,0.007,0.0001,2.3536,True,
NVIDIA NVIDIA H20,nvidia,2026-08-11T12:37:19,moe_align_block_size,deepseek_v3_moe_align_decode_b8,decode,,,,8,,,bf16,"DeepSeek-V3 MoE token align, decode, batch=8",0.0069,0.0069,0.0068,0.007,0.007,0.0,2.3537,True,
NVIDIA NVIDIA H20,nvidia,2026-08-11T12:37:19,moe_align_block_size,mixtral_moe_align_prefill_s64,prefill,,,,64,,,bf16,"Mixtral MoE token align, prefill, seq=64",0.0077,0.0076,0.0069,0.0117,0.0117,0.0007,0.006,True,
NVIDIA NVIDIA H20,nvidia,2026-08-11T12:37:19,moe_align_block_size,mixtral_moe_align_prefill_s128,prefill,,,,128,,,bf16,"Mixtral MoE token align, prefill, seq=128",0.0076,0.0076,0.0071,0.0101,0.0101,0.0004,0.006,True,
NVIDIA NVIDIA H20,nvidia,2026-08-11T12:37:19,moe_align_block_size,deepseek_v3_moe_align_prefill_s256,prefill,,,,256,,,bf16,"DeepSeek-V3 MoE token align, prefill, seq=256",0.0077,0.0075,0.0072,0.012,0.012,0.0006,0.0059,True,
NVIDIA NVIDIA H20,nvidia,2026-08-11T12:37:19,moe_align_block_size,mixtral_moe_align_prefill_s512,prefill,,,,512,,,bf16,"Mixtral MoE token align, prefill, seq=512",0.0077,0.0076,0.0072,0.0103,0.0103,0.0005,0.0061,True,
NVIDIA NVIDIA H20,nvidia,2026-08-11T12:37:19,moe_align_block_size,deepseek_v3_moe_align_prefill_s1024,prefill,,,,1024,,,bf16,"DeepSeek-V3 MoE token align, prefill, seq=1024",0.0077,0.0077,0.0073,0.0118,0.0118,0.0005,0.0059,True,
NVIDIA NVIDIA H20,nvidia,2026-08-11T12:37:19,moe_align_block_size,mixtral_moe_align_prefill_s2048,prefill,,,,2048,,,bf16,"Mixtral MoE token align, prefill, seq=2048",0.0077,0.0076,0.0071,0.0094,0.0094,0.0003,0.006,True,
NVIDIA NVIDIA H20,nvidia,2026-08-11T12:37:29,moe_sum,deepseek_v3_moe_sum_decode_b1,decode,,,,1,7168,,bf16,"DeepSeek-V3 MoE, decode, batch=1",0.0065,0.0065,0.0065,0.0068,0.0068,0.0,2.3526,True,
NVIDIA NVIDIA H20,nvidia,2026-08-11T12:37:29,moe_sum,deepseek_v3_moe_sum_decode_b4,decode,,,,4,7168,,bf16,"DeepSeek-V3 MoE, decode, batch=4",0.0075,0.0074,0.0073,0.0082,0.0082,0.0001,2.3535,True,
NVIDIA NVIDIA H20,nvidia,2026-08-11T12:37:29,moe_sum,deepseek_v3_moe_sum_decode_b8,decode,,,,8,7168,,bf16,"DeepSeek-V3 MoE, decode, batch=8",0.0082,0.0082,0.0079,0.0085,0.0085,0.0001,2.3535,True,
NVIDIA NVIDIA H20,nvidia,2026-08-11T12:37:29,moe_sum,deepseek_v3_moe_sum_prefill_s64,prefill,,,,64,7168,,bf16,"DeepSeek-V3 MoE, prefill, seq=64",0.0225,0.0224,0.0222,0.0228,0.0228,0.0001,2.4191,True,
NVIDIA NVIDIA H20,nvidia,2026-08-11T12:37:29,moe_sum,deepseek_v3_moe_sum_prefill_s128,prefill,,,,128,7168,,bf16,"DeepSeek-V3 MoE, prefill, seq=128",0.0285,0.0285,0.0282,0.0289,0.0289,0.0001,2.419,True,
NVIDIA NVIDIA H20,nvidia,2026-08-11T12:37:29,moe_sum,deepseek_v3_moe_sum_prefill_s256,prefill,,,,256,7168,,bf16,"DeepSeek-V3 MoE, prefill, seq=256",0.0485,0.0485,0.0482,0.0489,0.0489,0.0001,2.4185,True,
NVIDIA NVIDIA H20,nvidia,2026-08-11T12:37:29,moe_sum,deepseek_v3_moe_sum_prefill_s512,prefill,,,,512,7168,,bf16,"DeepSeek-V3 MoE, prefill, seq=512",0.0896,0.0893,0.0891,0.0908,0.0908,0.0006,2.4846,True,
NVIDIA NVIDIA H20,nvidia,2026-08-11T12:37:29,moe_sum,deepseek_v3_moe_sum_prefill_s1024,prefill,,,,1024,7168,,bf16,"DeepSeek-V3 MoE, prefill, seq=1024",0.1698,0.1696,0.1692,0.1714,0.1714,0.0006,2.55,True,
NVIDIA NVIDIA H20,nvidia,2026-08-11T12:37:29,moe_sum,deepseek_v3_moe_sum_prefill_s2048,prefill,,,,2048,7168,,bf16,"DeepSeek-V3 MoE, prefill, seq=2048",0.3304,0.3303,0.3294,0.3318,0.3318,0.0006,2.6817,True,
NVIDIA NVIDIA H20,nvidia,2026-08-11T12:40:36,per_token_group_fp8_quant,fp8_quant_decode_b1_h7168,decode,,,,1,7168,,bf16,"FP8 quantization, decode, batch=1",0.024,0.024,0.0236,0.0243,0.0243,0.0001,2.4179,True,
NVIDIA NVIDIA H20,nvidia,2026-08-11T12:40:36,per_token_group_fp8_quant,fp8_quant_decode_b4_h7168,decode,,,,4,7168,,bf16,"FP8 quantization, decode, batch=4",0.0241,0.024,0.024,0.0244,0.0244,0.0001,2.419,True,
NVIDIA NVIDIA H20,nvidia,2026-08-11T12:40:36,per_token_group_fp8_quant,fp8_quant_decode_b8_h4096,decode,,,,8,4096,,bf16,"FP8 quantization, decode, batch=8",0.0245,0.0245,0.0243,0.0247,0.0247,0.0001,2.4191,True,
NVIDIA NVIDIA H20,nvidia,2026-08-11T12:40:36,per_token_group_fp8_quant,fp8_quant_prefill_s64_h7168,prefill,,,,64,7168,,bf16,"FP8 quantization, prefill, seq=64",0.0282,0.0282,0.0279,0.0286,0.0286,0.0001,2.4191,True,
NVIDIA NVIDIA H20,nvidia,2026-08-11T12:40:36,per_token_group_fp8_quant,fp8_quant_prefill_s128_h4096,prefill,,,,128,4096,,bf16,"FP8 quantization, prefill, seq=128",0.0299,0.0299,0.0296,0.0301,0.0301,0.0001,2.419,True,
NVIDIA NVIDIA H20,nvidia,2026-08-11T12:40:36,per_token_group_fp8_quant,fp8_quant_prefill_s256_h7168,prefill,,,,256,7168,,bf16,"FP8 quantization, prefill, seq=256",0.0513,0.0513,0.0509,0.0517,0.0517,0.0002,2.4189,True,
NVIDIA NVIDIA H20,nvidia,2026-08-11T12:40:36,per_token_group_fp8_quant,fp8_quant_prefill_s512_h4096,prefill,,,,512,4096,,bf16,"FP8 quantization, prefill, seq=512",0.0562,0.0562,0.0558,0.0566,0.0566,0.0002,2.4191,True,
NVIDIA NVIDIA H20,nvidia,2026-08-11T12:40:36,per_token_group_fp8_quant,fp8_quant_prefill_s1024_h7168,prefill,,,,1024,7168,,bf16,"FP8 quantization, prefill, seq=1024",0.1448,0.1447,0.1441,0.1457,0.1457,0.0003,2.5501,True,
NVIDIA NVIDIA H20,nvidia,2026-08-11T12:40:36,per_token_group_fp8_quant,fp8_quant_prefill_s2048_h4096,prefill,,,,2048,4096,,bf16,"FP8 quantization, prefill, seq=2048",0.1637,0.1637,0.163,0.1646,0.1646,0.0004,2.5499,True,
NVIDIA NVIDIA H20,nvidia,2026-08-11T12:31:16,persistent_topk,llama31_8b_topkp_decode_b1,decode,,128256,,1,,,bf16,"FlashInfer-Trace, Llama-3.1-8B, top-k+top-p, batch=1",0.0535,0.0535,0.0531,0.054,0.054,0.0002,2.4202,True,
NVIDIA NVIDIA H20,nvidia,2026-08-11T12:31:16,persistent_topk,llama31_8b_topkp_decode_b2,decode,,128256,,2,,,bf16,"FlashInfer-Trace, Llama-3.1-8B, top-k+top-p, batch=2",0.0553,0.0553,0.0547,0.0563,0.0563,0.0003,2.4191,True,
NVIDIA NVIDIA H20,nvidia,2026-08-11T12:31:16,persistent_topk,llama31_8b_topkp_decode_b4,decode,,128256,,4,,,bf16,"FlashInfer-Trace, Llama-3.1-8B, top-k+top-p, batch=4",0.0593,0.0593,0.0589,0.06,0.06,0.0002,2.4191,True,
NVIDIA NVIDIA H20,nvidia,2026-08-11T12:31:16,persistent_topk,llama31_8b_topkp_decode_b8,decode,,128256,,8,,,bf16,"FlashInfer-Trace, Llama-3.1-8B, top-k+top-p, batch=8",0.0643,0.0643,0.0638,0.0652,0.0652,0.0002,2.4191,True,
NVIDIA NVIDIA H20,nvidia,2026-08-11T12:31:16,persistent_topk,llama31_8b_topkp_decode_b16,decode,,128256,,16,,,bf16,"FlashInfer-Trace, Llama-3.1-8B, top-k+top-p, batch=16",0.0788,0.0788,0.0781,0.0794,0.0794,0.0003,2.4519,True,
NVIDIA NVIDIA H20,nvidia,2026-08-11T12:31:16,persistent_topk,llama31_8b_topkp_decode_b32,decode,,128256,,32,,,bf16,"FlashInfer-Trace, Llama-3.1-8B, top-k+top-p, batch=32",0.1119,0.1118,0.1113,0.1129,0.1129,0.0003,2.4846,True,
NVIDIA NVIDIA H20,nvidia,2026-08-11T12:31:16,persistent_topk,llama31_8b_topkp_decode_b64,decode,,128256,,64,,,bf16,"FlashInfer-Trace, Llama-3.1-8B, top-k+top-p, batch=64",0.161,0.161,0.16,0.162,0.162,0.0004,2.5501,True,
NVIDIA NVIDIA H20,nvidia,2026-08-11T12:31:16,persistent_topk,llama31_8b_topkp_prefill_b128,prefill,,128256,,128,,,bf16,"FlashInfer-Trace, Llama-3.1-8B, top-k+top-p, batch=128",0.2646,0.2644,0.2573,0.2718,0.2718,0.0032,2.6164,True,
NVIDIA NVIDIA H20,nvidia,2026-08-11T12:31:16,persistent_topk,llama31_8b_topkp_prefill_b256,prefill,,128256,,256,,,bf16,"FlashInfer-Trace, Llama-3.1-8B, top-k+top-p, batch=256",0.5248,0.5246,0.5215,0.5299,0.5299,0.0014,2.8779,True,
NVIDIA NVIDIA H20,nvidia,2026-08-11T12:31:16,persistent_topk,llama31_8b_topkp_prefill_b512,prefill,,128256,,512,,,bf16,"FlashInfer-Trace, Llama-3.1-8B, top-k+top-p, batch=512",0.9113,0.9114,0.9077,0.914,0.914,0.0013,3.271,True,
NVIDIA NVIDIA H20,nvidia,2026-08-11T12:31:16,persistent_topk,llama31_8b_topkp_prefill_b1024,prefill,,128256,,1024,,,bf16,"FlashInfer-Trace, Llama-3.1-8B, top-k+top-p, batch=1024",1.7061,1.706,1.7028,1.7094,1.7094,0.0013,4.058,True,
NVIDIA NVIDIA H20,nvidia,2026-08-11T12:31:16,persistent_topk,llama31_8b_topkp_prefill_b2048,prefill,,128256,,2048,,,bf16,"FlashInfer-Trace, Llama-3.1-8B, top-k+top-p, batch=2048",5.7772,5.7773,5.773,5.7817,5.7817,0.0018,8.181,True,
NVIDIA NVIDIA H20,nvidia,2026-08-11T12:30:04,rms_norm,llama31_8b_rmsnorm_decode_bs1,decode,,,,1,4096,1e-6,bf16,"Llama-3.1-8B, RMSNorm, decode, batch=1",,,,,,,,,"rms_norm(): argument 'eps' (position 4) must be float, not str"
NVIDIA NVIDIA H20,nvidia,2026-08-11T12:30:04,rms_norm,llama31_8b_rmsnorm_decode_bs2,decode,,,,2,4096,1e-6,bf16,"Llama-3.1-8B, RMSNorm, decode, batch=2",,,,,,,,,"rms_norm(): argument 'eps' (position 4) must be float, not str"
NVIDIA NVIDIA H20,nvidia,2026-08-11T12:30:04,rms_norm,llama31_8b_rmsnorm_decode_bs4,decode,,,,4,4096,1e-6,bf16,"Llama-3.1-8B, RMSNorm, decode, batch=4",,,,,,,,,"rms_norm(): argument 'eps' (position 4) must be float, not str"
NVIDIA NVIDIA H20,nvidia,2026-08-11T12:30:04,rms_norm,llama31_8b_rmsnorm_decode_bs8,decode,,,,8,4096,1e-6,bf16,"Llama-3.1-8B, RMSNorm, decode, batch=8",,,,,,,,,"rms_norm(): argument 'eps' (position 4) must be float, not str"
NVIDIA NVIDIA H20,nvidia,2026-08-11T12:30:04,rms_norm,llama31_8b_rmsnorm_decode_bs16,decode,,,,16,4096,1e-6,bf16,"Llama-3.1-8B, RMSNorm, decode, batch=16",,,,,,,,,"rms_norm(): argument 'eps' (position 4) must be float, not str"
NVIDIA NVIDIA H20,nvidia,2026-08-11T12:30:04,rms_norm,llama31_8b_rmsnorm_decode_bs32,decode,,,,32,4096,1e-6,bf16,"Llama-3.1-8B, RMSNorm, decode, batch=32",,,,,,,,,"rms_norm(): argument 'eps' (position 4) must be float, not str"
NVIDIA NVIDIA H20,nvidia,2026-08-11T12:30:04,rms_norm,llama31_8b_rmsnorm_prefill_s64,prefill,,,,64,4096,1e-6,bf16,"Llama-3.1-8B, RMSNorm, prefill, seq=64",,,,,,,,,"rms_norm(): argument 'eps' (position 4) must be float, not str"
NVIDIA NVIDIA H20,nvidia,2026-08-11T12:30:04,rms_norm,llama31_8b_rmsnorm_prefill_s128,prefill,,,,128,4096,1e-6,bf16,"Llama-3.1-8B, RMSNorm, prefill, seq=128",,,,,,,,,"rms_norm(): argument 'eps' (position 4) must be float, not str"
NVIDIA NVIDIA H20,nvidia,2026-08-11T12:30:04,rms_norm,llama31_8b_rmsnorm_prefill_s256,prefill,,,,256,4096,1e-6,bf16,"Llama-3.1-8B, RMSNorm, prefill, seq=256",,,,,,,,,"rms_norm(): argument 'eps' (position 4) must be float, not str"
NVIDIA NVIDIA H20,nvidia,2026-08-11T12:30:04,rms_norm,llama31_8b_rmsnorm_prefill_s512,prefill,,,,512,4096,1e-6,bf16,"Llama-3.1-8B, RMSNorm, prefill, seq=512",,,,,,,,,"rms_norm(): argument 'eps' (position 4) must be float, not str"
NVIDIA NVIDIA H20,nvidia,2026-08-11T12:30:04,rms_norm,llama31_8b_rmsnorm_prefill_s1024,prefill,,,,1024,4096,1e-6,bf16,"Llama-3.1-8B, RMSNorm, prefill, seq=1024",,,,,,,,,"rms_norm(): argument 'eps' (position 4) must be float, not str"
NVIDIA NVIDIA H20,nvidia,2026-08-11T12:30:04,rms_norm,llama31_8b_rmsnorm_prefill_s2048,prefill,,,,2048,4096,1e-6,bf16,"Llama-3.1-8B, RMSNorm, prefill, seq=2048",,,,,,,,,"rms_norm(): argument 'eps' (position 4) must be float, not str"
NVIDIA NVIDIA H20,nvidia,2026-08-11T12:30:04,rms_norm,llama31_8b_rmsnorm_prefill_s4096,prefill,,,,4096,4096,1e-6,bf16,"Llama-3.1-8B, RMSNorm, prefill, seq=4096",,,,,,,,,"rms_norm(): argument 'eps' (position 4) must be float, not str"
NVIDIA NVIDIA H20,nvidia,2026-08-11T12:30:04,rms_norm,llama31_8b_rmsnorm_prefill_s8192,prefill,,,,8192,4096,1e-6,bf16,"Llama-3.1-8B, RMSNorm, prefill, seq=8192",,,,,,,,,"rms_norm(): argument 'eps' (position 4) must be float, not str"
NVIDIA NVIDIA H20,nvidia,2026-08-11T12:30:04,rms_norm,llama31_8b_rmsnorm_prefill_s16384,prefill,,,,16384,4096,1e-6,bf16,"Llama-3.1-8B, RMSNorm, prefill, seq=16384",,,,,,,,,"rms_norm(): argument 'eps' (position 4) must be float, not str"
NVIDIA NVIDIA H20,nvidia,2026-08-11T12:30:17,rope,deepseek_v3_rope_prefill,,,,,,,,bf16,,0.7261,0.7261,0.7229,0.7304,0.7304,0.0014,3.0768,True,
NVIDIA NVIDIA H20,nvidia,2026-08-11T12:30:17,rope,deepseek_v3_rope_decode,,,,,,,,bf16,,0.0149,0.0149,0.0147,0.0152,0.0152,0.0001,2.419,True,
NVIDIA NVIDIA H20,nvidia,2026-08-11T12:30:17,rope,deepseek_v3_rope_batch8,,,,,,,,bf16,,5.2833,5.2827,5.2753,5.2932,5.2932,0.0039,7.6617,True,
NVIDIA NVIDIA H20,nvidia,2026-08-11T12:30:17,rope,llama_rope_prefill,,,,,,,,bf16,,0.1323,0.1321,0.1311,0.1345,0.1345,0.0008,2.4845,True,
NVIDIA NVIDIA H20,nvidia,2026-08-11T12:30:17,rope,llama_rope_decode,,,,,,,,bf16,,0.0146,0.0147,0.0145,0.0149,0.0149,0.0001,2.419,True,
NVIDIA NVIDIA H20,nvidia,2026-08-11T12:31:02,router_gemm_bf16_fp32,deepseek_v3_router_prefill,,,,,2048,7168,,bf16,,0.3324,0.3325,0.3312,0.334,0.334,0.0006,2.6804,True,
NVIDIA NVIDIA H20,nvidia,2026-08-11T12:31:02,router_gemm_bf16_fp32,deepseek_v3_router_decode,,,,,1,7168,,bf16,,0.0188,0.0188,0.0185,0.019,0.019,0.0001,2.4177,True,
NVIDIA NVIDIA H20,nvidia,2026-08-11T12:31:02,router_gemm_bf16_fp32,deepseek_v3_router_batch128,,,,,128,7168,,bf16,,0.0447,0.0447,0.0443,0.0459,0.0459,0.0003,2.4185,True,
NVIDIA NVIDIA H20,nvidia,2026-08-11T12:31:02,router_gemm_bf16_fp32,moe_64experts_router,,,,,2048,4096,,bf16,,0.1231,0.1232,0.1219,0.124,0.124,0.0004,2.4845,True,
NVIDIA NVIDIA H20,nvidia,2026-08-11T12:31:02,router_gemm_bf16_fp32,moe_8experts_router,,,,,2048,4096,,bf16,,0.0897,0.0897,0.088,0.0922,0.0922,0.0005,2.484,True,
NVIDIA NVIDIA H20,nvidia,2026-08-11T12:37:39,silu_and_mul,ffn_gate_seq2048,,2048,18432,,,,,bf16,,0.3472,0.3473,0.346,0.3483,0.3483,0.0006,2.7465,True,
NVIDIA NVIDIA H20,nvidia,2026-08-11T12:37:39,silu_and_mul,ffn_gate_seq4096,,4096,18432,,,,,bf16,,0.6831,0.6832,0.682,0.6842,0.6842,0.0005,3.0743,True,
NVIDIA NVIDIA H20,nvidia,2026-08-11T12:37:39,silu_and_mul,ffn_gate_decode,,1,18432,,,,,bf16,,0.0074,0.0073,0.0073,0.0095,0.0095,0.0002,2.3523,True,
NVIDIA NVIDIA H20,nvidia,2026-08-11T12:37:39,silu_and_mul,ffn_gate_batch128,,128,18432,,,,,bf16,,0.0264,0.0264,0.0262,0.0267,0.0267,0.0001,2.4191,True,
NVIDIA NVIDIA H20,nvidia,2026-08-11T12:37:39,silu_and_mul,ffn_gate_with_clamp,,2048,18432,,,,,bf16,,0.3995,0.3994,0.3987,0.4006,0.4006,0.0004,2.7532,True,
NVIDIA NVIDIA H20,nvidia,2026-08-11T12:37:50,silu_and_mul_with_clamp,gemma2_9b_gating_decode_b1,decode,1,9216,,,,,bf16,"Gemma-2-9B FFN gating, decode, batch=1",0.0094,0.0094,0.0092,0.0096,0.0096,0.0001,2.3542,True,
NVIDIA NVIDIA H20,nvidia,2026-08-11T12:37:50,silu_and_mul_with_clamp,gemma2_9b_gating_decode_b4,decode,4,9216,,,,,bf16,"Gemma-2-9B FFN gating, decode, batch=4",0.0119,0.0119,0.0117,0.0123,0.0123,0.0001,2.3548,True,
NVIDIA NVIDIA H20,nvidia,2026-08-11T12:37:50,silu_and_mul_with_clamp,gemma2_9b_gating_decode_b8,decode,8,9216,,,,,bf16,"Gemma-2-9B FFN gating, decode, batch=8",0.012,0.0121,0.0117,0.0124,0.0124,0.0001,2.3543,True,
NVIDIA NVIDIA H20,nvidia,2026-08-11T12:37:50,silu_and_mul_with_clamp,gemma2_9b_gating_prefill_s64,prefill,64,9216,,,,,bf16,"Gemma-2-9B FFN gating, prefill, seq=64",0.0155,0.0154,0.0153,0.0176,0.0176,0.0002,2.4187,True,
NVIDIA NVIDIA H20,nvidia,2026-08-11T12:37:50,silu_and_mul_with_clamp,gemma2_9b_gating_prefill_s128,prefill,128,9216,,,,,bf16,"Gemma-2-9B FFN gating, prefill, seq=128",0.0206,0.0206,0.0204,0.021,0.021,0.0001,2.4192,True,
NVIDIA NVIDIA H20,nvidia,2026-08-11T12:37:50,silu_and_mul_with_clamp,gemma2_9b_gating_prefill_s256,prefill,256,9216,,,,,bf16,"Gemma-2-9B FFN gating, prefill, seq=256",0.031,0.0309,0.0306,0.0314,0.0314,0.0001,2.4189,True,
NVIDIA NVIDIA H20,nvidia,2026-08-11T12:37:50,silu_and_mul_with_clamp,gemma2_9b_gating_prefill_s512,prefill,512,9216,,,,,bf16,"Gemma-2-9B FFN gating, prefill, seq=512",0.0531,0.0529,0.0523,0.0542,0.0542,0.0004,2.4185,True,
NVIDIA NVIDIA H20,nvidia,2026-08-11T12:37:50,silu_and_mul_with_clamp,gemma2_9b_gating_prefill_s1024,prefill,1024,9216,,,,,bf16,"Gemma-2-9B FFN gating, prefill, seq=1024",0.1058,0.1057,0.105,0.1072,0.1072,0.0005,2.4834,True,
NVIDIA NVIDIA H20,nvidia,2026-08-11T12:37:50,silu_and_mul_with_clamp,gemma2_9b_gating_prefill_s2048,prefill,2048,9216,,,,,bf16,"Gemma-2-9B FFN gating, prefill, seq=2048",0.2066,0.2065,0.2055,0.2079,0.2079,0.0004,2.6145,True,
NVIDIA NVIDIA H20,nvidia,2026-08-11T12:32:11,sparse_attention,decode_b1_s1_h32_d128,,,,,,,,bf16,,0.0121,0.0121,0.0118,0.0124,0.0124,0.0001,2.3556,True,
NVIDIA NVIDIA H20,nvidia,2026-08-11T12:32:11,sparse_attention,decode_b8_s1_h32_d128,,,,,,,,bf16,,0.025,0.025,0.0248,0.0252,0.0252,0.0001,2.4191,True,
NVIDIA NVIDIA H20,nvidia,2026-08-11T12:32:11,sparse_attention,prefill_b1_s512_h32_d128,,,,,,,,bf16,,0.0749,0.0748,0.0744,0.0756,0.0756,0.0002,2.4199,True,
NVIDIA NVIDIA H20,nvidia,2026-08-11T12:32:11,sparse_attention,prefill_b1_s1024_h32_d128,,,,,,,,bf16,,0.1951,0.1933,0.1778,0.209,0.209,0.0072,2.5536,True,
NVIDIA NVIDIA H20,nvidia,2026-08-11T12:32:11,sparse_attention,prefill_b1_s2048_h32_d128,,,,,,,,bf16,,0.5859,0.5848,0.5491,0.6147,0.6147,0.0138,2.955,True,
NVIDIA NVIDIA H20,nvidia,2026-08-11T12:32:11,sparse_attention,mixed_b4_s256_h32_d128,,,,,,,,bf16,,0.0626,0.0627,0.062,0.0636,0.0636,0.0003,2.419,True,
NVIDIA NVIDIA H20,nvidia,2026-08-11T12:38:01,swiglu,llama31_8b_swiglu_decode_b1,decode,1,14336,,,,,bf16,"Llama-3.1-8B FFN, decode, batch=1",0.0075,0.0075,0.0075,0.0079,0.0079,0.0001,2.3543,True,
NVIDIA NVIDIA H20,nvidia,2026-08-11T12:38:01,swiglu,llama31_8b_swiglu_decode_b4,decode,4,14336,,,,,bf16,"Llama-3.1-8B FFN, decode, batch=4",0.0076,0.0076,0.0075,0.0078,0.0078,0.0001,2.3534,True,
NVIDIA NVIDIA H20,nvidia,2026-08-11T12:38:01,swiglu,llama31_8b_swiglu_decode_b8,decode,8,14336,,,,,bf16,"Llama-3.1-8B FFN, decode, batch=8",0.0077,0.0077,0.0075,0.0081,0.0081,0.0002,2.3541,True,
NVIDIA NVIDIA H20,nvidia,2026-08-11T12:38:01,swiglu,llama31_8b_swiglu_prefill_s64,prefill,64,14336,,,,,bf16,"Llama-3.1-8B FFN, prefill, seq=64",0.0099,0.0099,0.0097,0.0101,0.0101,0.0001,2.3543,True,
NVIDIA NVIDIA H20,nvidia,2026-08-11T12:38:01,swiglu,llama31_8b_swiglu_prefill_s128,prefill,128,14336,,,,,bf16,"Llama-3.1-8B FFN, prefill, seq=128",0.012,0.012,0.0116,0.0122,0.0122,0.0001,2.3543,True,
NVIDIA NVIDIA H20,nvidia,2026-08-11T12:38:01,swiglu,llama31_8b_swiglu_prefill_s256,prefill,256,14336,,,,,bf16,"Llama-3.1-8B FFN, prefill, seq=256",0.0167,0.0165,0.0162,0.0175,0.0175,0.0004,2.4189,True,
NVIDIA NVIDIA H20,nvidia,2026-08-11T12:38:01,swiglu,llama31_8b_swiglu_prefill_s512,prefill,512,14336,,,,,bf16,"Llama-3.1-8B FFN, prefill, seq=512",0.0311,0.0312,0.0303,0.0322,0.0322,0.0005,2.4186,True,
NVIDIA NVIDIA H20,nvidia,2026-08-11T12:38:01,swiglu,llama31_8b_swiglu_prefill_s1024,prefill,1024,14336,,,,,bf16,"Llama-3.1-8B FFN, prefill, seq=1024",0.0604,0.0605,0.0595,0.0615,0.0615,0.0006,2.4191,True,
NVIDIA NVIDIA H20,nvidia,2026-08-11T12:38:01,swiglu,llama31_8b_swiglu_prefill_s2048,prefill,2048,14336,,,,,bf16,"Llama-3.1-8B FFN, prefill, seq=2048",0.1092,0.1092,0.108,0.1106,0.1106,0.0007,2.4846,True,
NVIDIA NVIDIA H20,nvidia,2026-08-11T12:38:01,swiglu,llama31_8b_swiglu_prefill_s4096,prefill,4096,14336,,,,,bf16,"Llama-3.1-8B FFN, prefill, seq=4096",0.2073,0.2073,0.2056,0.2089,0.2089,0.0007,2.6159,True,
NVIDIA NVIDIA H20,nvidia,2026-08-11T12:31:46,top_k_per_row_decode,llama31_8b_topk_decode_b1,decode,,,,1,,,bf16,"FlashInfer-Trace, Llama-3.1-8B, top-k decode, batch=1",0.0138,0.0137,0.0135,0.0143,0.0143,0.0001,2.3991,True,
NVIDIA NVIDIA H20,nvidia,2026-08-11T12:31:46,top_k_per_row_decode,llama31_8b_topk_decode_b2,decode,,,,2,,,bf16,"FlashInfer-Trace, Llama-3.1-8B, top-k decode, batch=2",0.0148,0.0148,0.0146,0.015,0.015,0.0001,2.4191,True,
NVIDIA NVIDIA H20,nvidia,2026-08-11T12:31:46,top_k_per_row_decode,llama31_8b_topk_decode_b4,decode,,,,4,,,bf16,"FlashInfer-Trace, Llama-3.1-8B, top-k decode, batch=4",0.0148,0.0148,0.0146,0.0149,0.0149,0.0001,2.4191,True,
NVIDIA NVIDIA H20,nvidia,2026-08-11T12:31:46,top_k_per_row_decode,llama31_8b_topk_decode_b8,decode,,,,8,,,bf16,"FlashInfer-Trace, Llama-3.1-8B, top-k decode, batch=8",0.0157,0.0157,0.0154,0.0158,0.0158,0.0001,2.4191,True,
NVIDIA NVIDIA H20,nvidia,2026-08-11T12:31:46,top_k_per_row_decode,llama31_8b_topk_decode_b16,decode,,,,16,,,bf16,"FlashInfer-Trace, Llama-3.1-8B, top-k decode, batch=16",0.0155,0.0155,0.0154,0.0156,0.0156,0.0,2.4191,True,
NVIDIA NVIDIA H20,nvidia,2026-08-11T12:31:46,top_k_per_row_decode,llama31_8b_topk_decode_b32,decode,,,,32,,,bf16,"FlashInfer-Trace, Llama-3.1-8B, top-k decode, batch=32",0.0152,0.0152,0.0152,0.0154,0.0154,0.0,2.4191,True,
NVIDIA NVIDIA H20,nvidia,2026-08-11T12:31:46,top_k_per_row_decode,llama31_8b_topk_decode_b48,decode,,,,48,,,bf16,"FlashInfer-Trace, Llama-3.1-8B, top-k decode, batch=48",0.0155,0.0155,0.0154,0.0159,0.0159,0.0001,2.4188,True,
NVIDIA NVIDIA H20,nvidia,2026-08-11T12:31:46,top_k_per_row_decode,llama31_8b_topk_decode_b64,decode,,,,64,,,bf16,"FlashInfer-Trace, Llama-3.1-8B, top-k decode, batch=64",0.0155,0.0155,0.0154,0.0157,0.0157,0.0,2.4191,True,
NVIDIA NVIDIA H20,nvidia,2026-08-11T12:38:13,top_k_per_row_prefill,llama31_8b_topk_decode_b1,decode,,,,1,,,bf16,"FlashInfer-Trace, Llama-3.1-8B, top-k sampling, batch=1",0.014,0.014,0.0138,0.0143,0.0143,0.0001,2.4165,True,
NVIDIA NVIDIA H20,nvidia,2026-08-11T12:38:13,top_k_per_row_prefill,llama31_8b_topk_decode_b2,decode,,,,2,,,bf16,"FlashInfer-Trace, Llama-3.1-8B, top-k sampling, batch=2",0.0138,0.0138,0.0136,0.0141,0.0141,0.0001,2.3974,True,
NVIDIA NVIDIA H20,nvidia,2026-08-11T12:38:13,top_k_per_row_prefill,llama31_8b_topk_decode_b4,decode,,,,4,,,bf16,"FlashInfer-Trace, Llama-3.1-8B, top-k sampling, batch=4",0.0145,0.0145,0.0143,0.0148,0.0148,0.0001,2.4191,True,
NVIDIA NVIDIA H20,nvidia,2026-08-11T12:38:13,top_k_per_row_prefill,llama31_8b_topk_decode_b8,decode,,,,8,,,bf16,"FlashInfer-Trace, Llama-3.1-8B, top-k sampling, batch=8",0.0146,0.0146,0.0144,0.015,0.015,0.0001,2.4192,True,
NVIDIA NVIDIA H20,nvidia,2026-08-11T12:38:13,top_k_per_row_prefill,llama31_8b_topk_decode_b16,decode,,,,16,,,bf16,"FlashInfer-Trace, Llama-3.1-8B, top-k sampling, batch=16",0.015,0.015,0.0148,0.0152,0.0152,0.0001,2.4192,True,
NVIDIA NVIDIA H20,nvidia,2026-08-11T12:38:13,top_k_per_row_prefill,llama31_8b_topk_decode_b32,decode,,,,32,,,bf16,"FlashInfer-Trace, Llama-3.1-8B, top-k sampling, batch=32",0.0152,0.0152,0.015,0.0154,0.0154,0.0001,2.4192,True,
NVIDIA NVIDIA H20,nvidia,2026-08-11T12:38:13,top_k_per_row_prefill,llama31_8b_topk_prefill_b64,prefill,,,,64,,,bf16,"FlashInfer-Trace, Llama-3.1-8B, top-k sampling, batch=64",0.0154,0.0155,0.0153,0.0157,0.0157,0.0001,2.4189,True,
NVIDIA NVIDIA H20,nvidia,2026-08-11T12:38:13,top_k_per_row_prefill,llama31_8b_topk_prefill_b128,prefill,,,,128,,,bf16,"FlashInfer-Trace, Llama-3.1-8B, top-k sampling, batch=128",0.0154,0.0155,0.0153,0.0157,0.0157,0.0001,2.4186,True,
NVIDIA NVIDIA H20,nvidia,2026-08-11T12:38:13,top_k_per_row_prefill,llama31_8b_topk_prefill_b256,prefill,,,,256,,,bf16,"FlashInfer-Trace, Llama-3.1-8B, top-k sampling, batch=256",0.0157,0.0157,0.0155,0.016,0.016,0.0001,2.4192,True,
NVIDIA NVIDIA H20,nvidia,2026-08-11T12:38:13,top_k_per_row_prefill,llama31_8b_topk_prefill_b512,prefill,,,,512,,,bf16,"FlashInfer-Trace, Llama-3.1-8B, top-k sampling, batch=512",0.0162,0.0162,0.016,0.0165,0.0165,0.0001,2.419,True,
NVIDIA NVIDIA H20,nvidia,2026-08-11T12:38:13,top_k_per_row_prefill,llama31_8b_topk_prefill_b1024,prefill,,,,1024,,,bf16,"FlashInfer-Trace, Llama-3.1-8B, top-k sampling, batch=1024",0.0168,0.0168,0.0165,0.017,0.017,0.0001,2.4192,True,
NVIDIA NVIDIA H20,nvidia,2026-08-11T12:38:13,top_k_per_row_prefill,llama31_8b_topk_prefill_b2048,prefill,,,,2048,,,bf16,"FlashInfer-Trace, Llama-3.1-8B, top-k sampling, batch=2048",0.0191,0.0191,0.0188,0.0193,0.0193,0.0001,2.419,True,
NVIDIA NVIDIA H20,nvidia,2026-08-11T12:38:13,top_k_per_row_prefill,llama31_8b_topk_prefill_b4096,prefill,,,,4096,,,bf16,"FlashInfer-Trace, Llama-3.1-8B, top-k sampling, batch=4096",0.0254,0.0254,0.025,0.026,0.026,0.0002,2.4186,True,
NVIDIA NVIDIA H20,nvidia,2026-08-11T12:38:13,top_k_per_row_prefill,llama31_8b_topk_prefill_b8192,prefill,,,,8192,,,bf16,"FlashInfer-Trace, Llama-3.1-8B, top-k sampling, batch=8192",0.0409,0.0409,0.0404,0.0416,0.0416,0.0003,2.4192,True,
NVIDIA NVIDIA H20,nvidia,2026-08-11T12:31:37,topk_selector,llama31_8b_topp_decode_b1,decode,,,,1,4096,,bf16,"FlashInfer-Trace, Llama-3.1-8B, top-p sampling, batch=1",0.016,0.016,0.0157,0.0162,0.0162,0.0001,2.4182,True,
NVIDIA NVIDIA H20,nvidia,2026-08-11T12:31:37,topk_selector,llama31_8b_topp_decode_b2,decode,,,,2,4096,,bf16,"FlashInfer-Trace, Llama-3.1-8B, top-p sampling, batch=2",0.0193,0.0193,0.0189,0.0197,0.0197,0.0001,2.4191,True,
NVIDIA NVIDIA H20,nvidia,2026-08-11T12:31:37,topk_selector,llama31_8b_topp_decode_b4,decode,,,,4,4096,,bf16,"FlashInfer-Trace, Llama-3.1-8B, top-p sampling, batch=4",0.0195,0.0196,0.0192,0.0198,0.0198,0.0001,2.4186,True,
NVIDIA NVIDIA H20,nvidia,2026-08-11T12:31:37,topk_selector,llama31_8b_topp_decode_b8,decode,,,,8,4096,,bf16,"FlashInfer-Trace, Llama-3.1-8B, top-p sampling, batch=8",0.0201,0.0201,0.0199,0.0204,0.0204,0.0001,2.4191,False,
NVIDIA NVIDIA H20,nvidia,2026-08-11T12:31:37,topk_selector,llama31_8b_topp_decode_b16,decode,,,,16,4096,,bf16,"FlashInfer-Trace, Llama-3.1-8B, top-p sampling, batch=16",0.0212,0.0212,0.0208,0.0215,0.0215,0.0001,2.4191,True,
NVIDIA NVIDIA H20,nvidia,2026-08-11T12:31:37,topk_selector,llama31_8b_topp_decode_b32,decode,,,,32,4096,,bf16,"FlashInfer-Trace, Llama-3.1-8B, top-p sampling, batch=32",0.0247,0.0246,0.0244,0.0251,0.0251,0.0001,2.4191,True,
NVIDIA NVIDIA H20,nvidia,2026-08-11T12:31:37,topk_selector,llama31_8b_topp_prefill_b64,prefill,,,,64,4096,,bf16,"FlashInfer-Trace, Llama-3.1-8B, top-p sampling, batch=64",0.03,0.03,0.0297,0.0303,0.0303,0.0001,2.419,True,
NVIDIA NVIDIA H20,nvidia,2026-08-11T12:31:37,topk_selector,llama31_8b_topp_prefill_b128,prefill,,,,128,4096,,bf16,"FlashInfer-Trace, Llama-3.1-8B, top-p sampling, batch=128",0.0416,0.0416,0.0413,0.042,0.042,0.0001,2.4191,True,
NVIDIA NVIDIA H20,nvidia,2026-08-11T12:31:37,topk_selector,llama31_8b_topp_prefill_b256,prefill,,,,256,4096,,bf16,"FlashInfer-Trace, Llama-3.1-8B, top-p sampling, batch=256",0.0646,0.0645,0.0638,0.0656,0.0656,0.0004,2.4185,True,
NVIDIA NVIDIA H20,nvidia,2026-08-11T12:31:37,topk_selector,llama31_8b_topp_prefill_b512,prefill,,,,512,4096,,bf16,"FlashInfer-Trace, Llama-3.1-8B, top-p sampling, batch=512",0.1136,0.1135,0.1125,0.1151,0.1151,0.0006,2.4845,True,
NVIDIA NVIDIA H20,nvidia,2026-08-11T12:31:37,topk_selector,llama31_8b_topp_prefill_b1024,prefill,,,,1024,4096,,bf16,"FlashInfer-Trace, Llama-3.1-8B, top-p sampling, batch=1024",0.2058,0.2057,0.2048,0.2078,0.2078,0.0006,2.6157,True,
NVIDIA NVIDIA H20,nvidia,2026-08-11T12:31:37,topk_selector,llama31_8b_topp_prefill_b2048,prefill,,,,2048,4096,,bf16,"FlashInfer-Trace, Llama-3.1-8B, top-p sampling, batch=2048",0.3911,0.3911,0.3901,0.3927,0.3927,0.0006,2.7467,True,
NVIDIA NVIDIA H20,nvidia,2026-08-11T12:31:24,topk_softplus_sqrt,deepseek_v3_router_prefill,,,,,2048,,,bf16,,0.0542,0.0542,0.0533,0.0548,0.0548,0.0003,2.4179,True,
NVIDIA NVIDIA H20,nvidia,2026-08-11T12:31:24,topk_softplus_sqrt,deepseek_v3_router_decode,,,,,1,,,bf16,,0.0254,0.0255,0.0251,0.0257,0.0257,0.0001,2.4191,True,
NVIDIA NVIDIA H20,nvidia,2026-08-11T12:31:24,topk_softplus_sqrt,deepseek_v3_router_batch128,,,,,128,,,bf16,,0.0284,0.0283,0.0282,0.0287,0.0287,0.0002,2.4191,True,
NVIDIA NVIDIA H20,nvidia,2026-08-11T12:31:24,topk_softplus_sqrt,moe_64experts_prefill,,,,,2048,,,bf16,,0.0377,0.0377,0.0373,0.0383,0.0383,0.0002,2.4191,True,
NVIDIA NVIDIA H20,nvidia,2026-08-11T12:31:24,topk_softplus_sqrt,moe_64experts_decode,,,,,1,,,bf16,,0.0244,0.0244,0.024,0.0246,0.0246,0.0002,2.4191,True,
